1	258,0.488:286,0.477:294,0.476:288,0.469:100,0.450:300,0.442:121,0.399:174,0.386:117,0.362:313,0.353:
2	50,0.527:181,0.447:121,0.355:174,0.320:313,0.311:117,0.306:7,0.293:748,0.284:222,0.280:56,0.277:
3	50,0.526:286,0.472:294,0.471:300,0.437:100,0.426:1,0.412:121,0.367:127,0.358:174,0.337:237,0.332:
4	50,0.525:286,0.474:294,0.471:288,0.459:181,0.455:100,0.430:1,0.418:121,0.373:127,0.366:174,0.348:
5	258,0.487:286,0.478:294,0.475:288,0.467:100,0.448:300,0.447:1,0.437:127,0.396:237,0.375:117,0.359:
6	258,0.484:286,0.475:294,0.469:181,0.466:288,0.462:300,0.440:100,0.439:121,0.383:117,0.337:313,0.336:
7	181,0.486:288,0.466:1,0.453:300,0.448:121,0.431:174,0.426:127,0.424:7,0.385:117,0.384:222,0.379:
8	50,0.526:258,0.482:286,0.475:294,0.475:288,0.461:300,0.442:100,0.438:1,0.428:121,0.387:127,0.381:
9	258,0.480:286,0.475:288,0.459:181,0.457:300,0.441:100,0.432:1,0.422:121,0.378:127,0.368:174,0.351:
10	258,0.486:294,0.472:181,0.468:288,0.461:300,0.447:100,0.446:1,0.434:121,0.399:127,0.392:237,0.372:
11	50,0.526:294,0.477:181,0.468:288,0.463:100,0.449:300,0.443:1,0.436:127,0.393:174,0.381:117,0.355:
12	50,0.524:258,0.482:286,0.476:294,0.473:181,0.463:288,0.461:300,0.443:100,0.438:1,0.427:121,0.387:
13	181,0.491:258,0.491:294,0.486:100,0.471:300,0.454:121,0.441:56,0.406:405,0.393:98,0.391:151,0.383:
14	50,0.526:258,0.480:286,0.477:294,0.472:181,0.462:300,0.442:100,0.435:1,0.425:121,0.382:174,0.358:
15	286,0.476:294,0.471:288,0.458:300,0.438:100,0.425:1,0.412:127,0.358:174,0.332:313,0.324:117,0.322:
16	50,0.526:258,0.483:294,0.474:181,0.469:288,0.463:300,0.441:121,0.392:174,0.371:117,0.349:313,0.347:
17	50,0.526:258,0.478:288,0.456:181,0.454:300,0.439:1,0.415:121,0.369:127,0.360:174,0.339:237,0.336:
18	258,0.493:286,0.483:181,0.481:294,0.478:288,0.466:300,0.451:1,0.448:121,0.422:237,0.394:7,0.373:
19	50,0.523:258,0.480:286,0.474:181,0.456:300,0.441:100,0.431:1,0.419:121,0.376:127,0.368:174,0.350:
20	258,0.481:286,0.476:294,0.472:288,0.460:300,0.440:100,0.435:1,0.423:121,0.381:127,0.372:237,0.349:
21	258,0.478:294,0.470:288,0.461:181,0.456:100,0.431:121,0.374:174,0.345:237,0.342:313,0.332:117,0.330:
22	258,0.484:286,0.478:294,0.477:288,0.463:300,0.446:100,0.446:1,0.434:121,0.400:237,0.371:117,0.359:
23	50,0.528:258,0.484:286,0.478:288,0.461:300,0.443:1,0.435:121,0.398:127,0.390:237,0.367:117,0.352:
24	50,0.526:258,0.480:286,0.475:294,0.473:181,0.463:100,0.438:1,0.426:121,0.383:174,0.359:117,0.339:
25	50,0.525:258,0.483:286,0.477:294,0.474:181,0.466:288,0.459:100,0.444:300,0.443:127,0.382:174,0.369:
26	258,0.479:286,0.473:294,0.471:100,0.424:127,0.357:237,0.333:174,0.332:117,0.322:7,0.307:56,0.293:
27	258,0.479:294,0.471:181,0.456:300,0.440:100,0.431:1,0.419:121,0.375:127,0.366:174,0.348:237,0.344:
28	50,0.526:258,0.480:294,0.474:181,0.460:300,0.440:100,0.438:1,0.426:121,0.384:127,0.377:174,0.359:
29	50,0.524:258,0.479:294,0.470:288,0.458:181,0.457:100,0.429:1,0.420:121,0.375:127,0.367:174,0.349:
30	286,0.474:294,0.472:181,0.459:288,0.458:300,0.440:100,0.431:1,0.418:121,0.374:127,0.367:237,0.343:
31	50,0.525:258,0.481:286,0.474:294,0.473:288,0.461:181,0.458:300,0.443:100,0.433:1,0.422:121,0.379:
32	258,0.479:286,0.474:294,0.470:300,0.440:100,0.427:1,0.416:121,0.371:127,0.362:174,0.343:237,0.338:
33	50,0.523:258,0.478:286,0.474:181,0.452:100,0.426:1,0.414:121,0.369:127,0.360:174,0.340:237,0.336:
34	50,0.523:258,0.479:286,0.474:181,0.455:300,0.440:100,0.432:1,0.419:121,0.375:127,0.367:174,0.348:
35	50,0.524:286,0.474:294,0.470:288,0.457:181,0.454:100,0.426:1,0.414:121,0.368:127,0.359:174,0.340:
36	50,0.524:258,0.479:286,0.475:294,0.471:181,0.457:300,0.441:100,0.431:1,0.419:121,0.376:127,0.369:
37	258,0.481:286,0.476:294,0.472:181,0.464:288,0.462:300,0.444:100,0.439:1,0.427:237,0.357:117,0.344:
38	50,0.522:258,0.479:286,0.477:181,0.462:300,0.444:100,0.435:1,0.427:121,0.389:174,0.364:237,0.355:
39	50,0.523:258,0.477:286,0.473:181,0.452:300,0.438:100,0.426:1,0.413:121,0.368:127,0.358:174,0.338:
40	50,0.524:258,0.477:294,0.470:288,0.457:181,0.451:100,0.423:1,0.412:121,0.366:127,0.356:174,0.335:
41	258,0.482:286,0.476:294,0.474:181,0.464:288,0.460:300,0.441:100,0.439:1,0.427:121,0.386:127,0.378:
42	258,0.486:286,0.478:288,0.463:100,0.449:300,0.442:121,0.399:127,0.391:117,0.353:7,0.351:313,0.346:
43	50,0.525:286,0.478:181,0.470:288,0.465:300,0.445:1,0.434:237,0.371:117,0.351:7,0.348:56,0.338:
44	258,0.483:286,0.476:294,0.473:288,0.460:300,0.439:127,0.374:174,0.364:237,0.359:117,0.342:56,0.322:
45	258,0.479:286,0.477:294,0.471:300,0.441:100,0.433:1,0.420:121,0.380:127,0.369:174,0.352:237,0.347:
46	258,0.478:294,0.470:288,0.458:181,0.453:1,0.416:121,0.370:127,0.362:174,0.341:237,0.338:313,0.329:
47	50,0.526:294,0.468:181,0.452:300,0.439:100,0.425:1,0.413:121,0.367:127,0.360:174,0.339:237,0.335:
48	50,0.525:258,0.482:286,0.474:288,0.458:181,0.458:300,0.439:100,0.434:1,0.421:121,0.378:127,0.372:
49	258,0.485:286,0.481:294,0.476:288,0.464:100,0.447:1,0.441:127,0.396:237,0.372:117,0.362:313,0.360:
50	50,0.523:258,0.479:286,0.474:294,0.471:181,0.456:300,0.440:1,0.419:121,0.374:127,0.366:174,0.347:
51	258,0.481:286,0.476:294,0.473:288,0.459:300,0.442:100,0.436:1,0.425:121,0.383:127,0.375:174,0.359:
52	50,0.525:286,0.476:294,0.469:181,0.458:300,0.440:1,0.418:127,0.364:174,0.345:313,0.330:748,0.306:
53	258,0.480:286,0.476:294,0.471:181,0.459:288,0.459:300,0.442:100,0.431:1,0.421:127,0.370:174,0.351:
54	50,0.525:258,0.477:286,0.474:294,0.472:300,0.438:121,0.372:127,0.361:174,0.341:237,0.337:313,0.329:
55	258,0.479:286,0.475:294,0.471:288,0.459:300,0.440:100,0.432:1,0.420:127,0.367:237,0.345:313,0.335:
56	258,0.487:286,0.479:294,0.477:181,0.473:288,0.463:100,0.451:1,0.436:121,0.401:127,0.392:174,0.383:
57	286,0.475:294,0.471:300,0.437:100,0.427:127,0.362:174,0.341:237,0.336:313,0.327:7,0.311:222,0.302:
58	50,0.528:258,0.481:286,0.476:294,0.476:288,0.457:100,0.434:237,0.352:117,0.337:222,0.318:748,0.314:
59	50,0.524:258,0.489:294,0.483:286,0.482:100,0.472:300,0.448:121,0.438:127,0.428:7,0.397:117,0.390:
60	258,0.486:294,0.476:288,0.460:100,0.449:300,0.440:1,0.435:127,0.391:117,0.350:313,0.344:56,0.343:
61	50,0.524:286,0.473:288,0.457:181,0.452:100,0.424:1,0.413:121,0.365:127,0.357:174,0.336:237,0.335:
62	258,0.484:294,0.480:286,0.478:181,0.476:288,0.465:100,0.452:300,0.445:121,0.406:313,0.351:748,0.334:
63	50,0.527:288,0.455:300,0.435:100,0.421:127,0.352:174,0.328:237,0.326:313,0.321:117,0.316:7,0.302:
64	286,0.476:294,0.473:181,0.469:100,0.442:1,0.428:117,0.337:7,0.333:56,0.326:222,0.321:328,0.295:
65	286,0.478:181,0.461:288,0.460:300,0.440:100,0.438:121,0.384:127,0.377:174,0.360:117,0.339:313,0.336:
66	258,0.479:288,0.456:181,0.454:100,0.425:1,0.415:174,0.338:313,0.325:117,0.323:7,0.313:748,0.302:
67	50,0.522:258,0.480:286,0.476:294,0.473:288,0.462:181,0.461:300,0.445:100,0.435:1,0.426:121,0.385:
68	50,0.525:294,0.471:288,0.456:300,0.438:100,0.427:1,0.416:174,0.341:237,0.337:313,0.329:117,0.325:
69	258,0.479:286,0.472:300,0.436:100,0.427:1,0.415:121,0.369:127,0.360:174,0.339:313,0.324:748,0.299:
70	50,0.529:258,0.482:286,0.478:294,0.476:288,0.459:100,0.444:121,0.389:127,0.382:237,0.361:117,0.344:
71	50,0.524:258,0.479:294,0.472:288,0.458:300,0.439:1,0.419:121,0.376:127,0.368:237,0.344:313,0.331:
72	258,0.483:294,0.475:286,0.475:181,0.469:288,0.464:100,0.444:300,0.442:121,0.395:127,0.386:117,0.350:
73	50,0.525:258,0.482:286,0.475:294,0.471:181,0.459:288,0.459:300,0.440:100,0.433:121,0.379:127,0.374:
74	50,0.524:286,0.472:288,0.456:181,0.451:100,0.423:1,0.410:121,0.363:127,0.353:174,0.332:237,0.329:
75	50,0.526:258,0.481:286,0.475:288,0.458:181,0.454:300,0.439:100,0.430:121,0.374:127,0.364:174,0.345:
76	50,0.521:258,0.481:286,0.477:294,0.476:288,0.464:181,0.462:300,0.444:100,0.439:1,0.433:121,0.389:
77	50,0.525:258,0.482:286,0.476:294,0.473:181,0.464:288,0.460:300,0.442:100,0.437:174,0.362:237,0.356:
78	50,0.524:258,0.478:286,0.474:181,0.457:300,0.440:100,0.430:1,0.419:121,0.375:127,0.366:174,0.347:
79	50,0.525:286,0.474:294,0.471:288,0.459:181,0.456:300,0.441:100,0.428:121,0.372:127,0.362:174,0.343:
80	50,0.522:258,0.481:286,0.476:294,0.472:288,0.461:181,0.458:300,0.442:1,0.423:121,0.380:127,0.372:
81	50,0.527:258,0.480:286,0.474:294,0.470:181,0.456:300,0.439:127,0.362:174,0.341:313,0.329:117,0.326:
82	258,0.483:294,0.471:300,0.438:127,0.370:174,0.352:117,0.332:313,0.327:56,0.311:222,0.309:748,0.304:
83	258,0.481:286,0.480:294,0.475:181,0.464:288,0.461:100,0.439:1,0.430:237,0.358:313,0.345:117,0.345:
84	50,0.525:288,0.457:181,0.456:121,0.370:127,0.360:174,0.340:237,0.336:313,0.327:7,0.313:222,0.303:
85	294,0.477:286,0.475:288,0.461:300,0.443:1,0.441:127,0.400:237,0.380:7,0.357:117,0.353:56,0.350:
86	50,0.524:258,0.479:286,0.475:294,0.472:288,0.459:181,0.456:300,0.441:100,0.430:1,0.420:121,0.376:
87	258,0.482:294,0.480:286,0.479:288,0.463:300,0.444:1,0.439:237,0.369:117,0.356:313,0.353:7,0.350:
88	50,0.525:258,0.479:294,0.472:288,0.457:181,0.455:100,0.429:1,0.417:121,0.373:127,0.364:174,0.345:
89	258,0.479:286,0.476:294,0.472:288,0.457:300,0.439:121,0.376:127,0.369:174,0.347:313,0.331:117,0.331:
90	50,0.525:258,0.484:294,0.471:181,0.470:288,0.464:100,0.449:1,0.440:121,0.405:237,0.376:7,0.357:
91	258,0.481:286,0.477:181,0.461:288,0.458:100,0.437:1,0.424:121,0.381:174,0.356:237,0.350:117,0.334:
92	181,0.488:286,0.479:288,0.471:300,0.453:121,0.432:127,0.422:313,0.377:98,0.373:172,0.370:748,0.359:
93	50,0.523:258,0.480:286,0.476:294,0.472:288,0.460:181,0.457:300,0.442:100,0.432:127,0.370:174,0.351:
94	50,0.528:258,0.492:294,0.489:100,0.474:288,0.473:1,0.465:300,0.452:174,0.433:237,0.421:117,0.404:
95	258,0.488:181,0.487:286,0.479:288,0.469:100,0.463:1,0.448:300,0.447:174,0.410:117,0.382:7,0.378:
96	50,0.526:258,0.481:286,0.475:294,0.472:288,0.459:300,0.438:100,0.436:1,0.424:121,0.382:237,0.351:
97	50,0.527:258,0.483:286,0.475:294,0.473:181,0.466:288,0.460:300,0.440:121,0.387:127,0.383:174,0.366:
98	50,0.524:258,0.481:286,0.476:294,0.473:288,0.461:181,0.460:300,0.443:100,0.435:1,0.426:121,0.383:
99	50,0.525:258,0.479:286,0.474:181,0.457:288,0.457:100,0.430:127,0.363:237,0.340:7,0.317:222,0.305:
100	50,0.524:288,0.457:181,0.448:100,0.421:1,0.409:121,0.361:127,0.352:174,0.331:237,0.329:313,0.321:
101	50,0.526:258,0.479:286,0.477:294,0.471:300,0.441:100,0.433:121,0.380:127,0.369:174,0.351:237,0.347:
102	50,0.527:286,0.474:181,0.467:100,0.440:300,0.438:121,0.390:237,0.359:313,0.337:222,0.324:748,0.315:
103	50,0.524:258,0.479:286,0.475:288,0.458:300,0.440:100,0.432:1,0.420:121,0.378:127,0.369:174,0.350:
104	288,0.453:300,0.433:100,0.416:1,0.404:174,0.318:117,0.306:7,0.291:56,0.275:172,0.262:269,0.261:
105	50,0.524:258,0.478:286,0.474:294,0.470:181,0.453:300,0.440:100,0.427:1,0.415:121,0.369:127,0.361:
106	50,0.523:258,0.481:286,0.477:294,0.473:181,0.461:288,0.461:300,0.446:1,0.425:121,0.387:127,0.380:
107	50,0.524:258,0.479:294,0.470:181,0.454:300,0.440:100,0.428:1,0.416:121,0.371:127,0.363:174,0.344:
108	50,0.525:258,0.480:286,0.474:288,0.458:181,0.457:300,0.440:100,0.430:121,0.375:174,0.346:237,0.345:
109	258,0.489:286,0.480:294,0.480:100,0.457:300,0.447:1,0.444:121,0.414:127,0.404:237,0.385:7,0.369:
110	50,0.523:286,0.476:181,0.466:300,0.446:100,0.444:1,0.430:121,0.394:127,0.383:174,0.373:237,0.365:
111	50,0.524:294,0.471:288,0.458:181,0.455:300,0.440:100,0.428:1,0.416:121,0.372:127,0.365:174,0.344:
112	50,0.523:286,0.474:288,0.456:181,0.449:300,0.437:100,0.421:1,0.409:121,0.361:127,0.354:174,0.331:
113	286,0.473:294,0.468:181,0.450:100,0.421:1,0.409:121,0.360:174,0.329:313,0.318:117,0.315:748,0.292:
114	50,0.524:258,0.482:286,0.476:294,0.473:181,0.463:288,0.458:300,0.442:100,0.439:1,0.429:121,0.387:
115	50,0.525:258,0.482:286,0.475:294,0.474:181,0.462:288,0.461:300,0.441:1,0.427:127,0.379:313,0.341:
116	286,0.471:294,0.469:100,0.418:1,0.408:121,0.356:174,0.324:237,0.322:313,0.316:117,0.311:7,0.299:
117	50,0.527:258,0.480:286,0.475:294,0.474:181,0.464:288,0.461:300,0.440:100,0.437:1,0.426:121,0.384:
118	50,0.528:286,0.475:294,0.472:181,0.464:300,0.440:1,0.426:121,0.384:127,0.377:174,0.362:237,0.353:
119	100,0.431:1,0.416:127,0.357:174,0.341:237,0.334:117,0.321:313,0.319:748,0.299:222,0.296:98,0.281:
120	286,0.475:294,0.471:288,0.457:181,0.455:300,0.440:100,0.428:174,0.342:313,0.328:7,0.315:748,0.304:
121	258,0.479:286,0.476:294,0.471:181,0.460:288,0.457:121,0.373:174,0.345:117,0.329:7,0.321:222,0.307:
122	50,0.525:258,0.483:286,0.478:294,0.476:181,0.466:288,0.463:100,0.444:300,0.444:1,0.432:121,0.395:
123	50,0.526:258,0.478:181,0.454:300,0.437:1,0.416:121,0.369:127,0.360:174,0.340:237,0.336:313,0.324:
124	50,0.525:258,0.481:286,0.475:294,0.471:181,0.460:288,0.460:300,0.440:100,0.435:121,0.381:127,0.373:
125	50,0.524:286,0.473:288,0.455:100,0.439:1,0.425:121,0.385:127,0.374:174,0.364:237,0.353:313,0.339:
126	50,0.523:258,0.478:294,0.470:288,0.457:181,0.452:100,0.425:1,0.412:121,0.367:127,0.357:174,0.337:
127	286,0.475:294,0.472:288,0.460:181,0.458:300,0.441:100,0.432:1,0.421:121,0.377:127,0.370:174,0.351:
128	50,0.527:286,0.477:294,0.476:288,0.462:100,0.448:300,0.444:1,0.434:127,0.390:237,0.371:313,0.349:
129	50,0.524:258,0.479:294,0.471:288,0.458:181,0.453:100,0.427:1,0.416:121,0.370:127,0.362:174,0.341:
130	50,0.528:286,0.478:288,0.466:127,0.396:174,0.383:222,0.349:56,0.344:748,0.336:172,0.336:405,0.331:
131	50,0.524:258,0.480:286,0.476:294,0.472:288,0.461:181,0.458:300,0.442:100,0.433:1,0.423:121,0.379:
132	258,0.479:294,0.472:288,0.458:181,0.457:300,0.440:1,0.420:121,0.375:174,0.348:237,0.344:313,0.332:
133	50,0.524:258,0.478:294,0.469:288,0.458:181,0.452:100,0.425:1,0.415:121,0.369:127,0.360:174,0.339:
134	50,0.524:258,0.479:286,0.473:288,0.458:181,0.454:300,0.438:100,0.428:121,0.370:127,0.362:174,0.341:
135	50,0.526:258,0.481:286,0.476:294,0.473:181,0.460:300,0.441:100,0.436:1,0.424:121,0.382:127,0.375:
136	50,0.526:294,0.471:288,0.458:181,0.455:300,0.440:100,0.427:1,0.416:121,0.370:174,0.342:313,0.328:
137	50,0.524:258,0.479:286,0.474:294,0.472:288,0.460:300,0.440:100,0.432:127,0.365:237,0.344:313,0.333:
138	50,0.526:258,0.481:286,0.476:294,0.475:288,0.460:181,0.460:300,0.443:100,0.435:121,0.383:127,0.378:
139	50,0.523:258,0.480:286,0.474:294,0.472:181,0.456:300,0.441:1,0.420:121,0.377:127,0.369:174,0.349:
140	50,0.523:258,0.478:181,0.452:300,0.439:100,0.426:1,0.414:121,0.369:127,0.360:174,0.339:237,0.337:
141	50,0.523:258,0.479:288,0.457:300,0.437:1,0.413:174,0.337:237,0.337:117,0.329:748,0.306:222,0.303:
142	50,0.524:258,0.480:286,0.475:288,0.459:181,0.457:300,0.441:100,0.432:1,0.420:121,0.377:127,0.369:
143	50,0.526:181,0.450:300,0.437:100,0.422:1,0.409:121,0.362:127,0.353:174,0.332:237,0.329:117,0.318:
144	50,0.527:286,0.474:181,0.461:300,0.436:121,0.379:237,0.347:313,0.329:222,0.311:748,0.306:172,0.296:
145	50,0.528:258,0.485:286,0.476:288,0.467:100,0.444:1,0.440:127,0.394:174,0.377:237,0.373:7,0.353:
146	50,0.525:288,0.456:181,0.451:300,0.438:100,0.425:1,0.412:121,0.365:127,0.356:174,0.335:237,0.331:
147	50,0.523:258,0.479:294,0.471:288,0.459:181,0.454:300,0.441:100,0.430:1,0.418:121,0.374:127,0.365:
148	258,0.482:286,0.476:294,0.473:288,0.459:300,0.438:100,0.436:1,0.423:121,0.381:237,0.351:117,0.337:
149	50,0.525:294,0.468:288,0.456:181,0.449:100,0.420:1,0.408:121,0.361:127,0.351:174,0.331:237,0.329:
150	50,0.522:258,0.481:286,0.475:294,0.472:181,0.457:300,0.442:100,0.433:1,0.421:121,0.379:127,0.370:
151	294,0.476:288,0.465:100,0.458:300,0.448:121,0.414:127,0.408:237,0.391:7,0.369:117,0.369:313,0.362:
152	50,0.523:258,0.482:286,0.478:181,0.466:288,0.462:300,0.445:100,0.444:1,0.432:127,0.387:174,0.372:
153	286,0.475:288,0.457:300,0.439:100,0.431:1,0.418:121,0.373:127,0.365:174,0.348:237,0.343:313,0.331:
154	50,0.526:286,0.475:294,0.471:181,0.461:300,0.439:100,0.434:1,0.421:121,0.381:127,0.374:237,0.348:
155	50,0.524:258,0.478:286,0.475:294,0.470:181,0.454:100,0.429:1,0.418:121,0.373:127,0.364:174,0.345:
156	50,0.521:258,0.483:286,0.478:294,0.474:288,0.461:181,0.460:300,0.444:1,0.427:121,0.383:127,0.377:
157	294,0.469:288,0.456:181,0.455:300,0.437:1,0.414:121,0.368:127,0.359:174,0.338:237,0.334:7,0.311:
158	50,0.525:258,0.486:286,0.478:288,0.463:100,0.448:300,0.444:1,0.436:127,0.393:237,0.372:117,0.356:
159	50,0.522:258,0.477:286,0.472:181,0.455:300,0.443:100,0.427:1,0.420:121,0.375:127,0.367:174,0.345:
160	50,0.524:258,0.481:286,0.475:294,0.473:181,0.462:300,0.440:1,0.426:121,0.383:174,0.359:117,0.340:
161	258,0.480:286,0.475:294,0.473:288,0.458:300,0.440:1,0.421:121,0.379:127,0.370:174,0.352:237,0.348:
162	50,0.525:258,0.480:286,0.476:181,0.461:288,0.460:300,0.440:100,0.434:121,0.381:127,0.375:174,0.356:
163	50,0.523:286,0.475:294,0.471:288,0.458:181,0.454:100,0.429:1,0.417:121,0.373:127,0.365:174,0.346:
164	50,0.525:286,0.476:294,0.472:288,0.459:181,0.456:300,0.440:1,0.421:121,0.377:127,0.368:174,0.350:
165	50,0.523:258,0.480:286,0.477:294,0.473:288,0.460:181,0.459:300,0.442:100,0.433:1,0.423:121,0.380:
166	50,0.523:258,0.479:288,0.458:181,0.455:300,0.441:100,0.428:1,0.418:121,0.374:127,0.366:174,0.346:
167	50,0.525:258,0.484:286,0.476:294,0.473:181,0.463:300,0.444:100,0.439:1,0.428:121,0.390:127,0.383:
168	50,0.525:258,0.478:286,0.474:288,0.455:100,0.427:127,0.361:174,0.339:237,0.336:117,0.325:7,0.312:
169	286,0.476:294,0.471:181,0.459:288,0.458:100,0.433:1,0.421:121,0.378:127,0.370:174,0.352:237,0.347:
170	50,0.524:286,0.474:181,0.451:100,0.425:1,0.413:121,0.367:127,0.358:174,0.338:237,0.335:313,0.325:
171	50,0.524:294,0.469:181,0.452:300,0.439:100,0.424:1,0.412:121,0.366:127,0.357:174,0.336:237,0.334:
172	50,0.523:258,0.482:286,0.477:294,0.474:288,0.462:181,0.460:300,0.446:100,0.438:1,0.427:121,0.386:
173	50,0.525:286,0.473:294,0.470:288,0.456:181,0.453:300,0.439:100,0.427:1,0.414:121,0.369:127,0.361:
174	258,0.483:294,0.475:181,0.467:288,0.464:300,0.448:121,0.394:127,0.389:174,0.374:237,0.369:117,0.353:
175	258,0.481:286,0.476:294,0.472:181,0.463:288,0.459:300,0.442:1,0.427:121,0.382:127,0.379:174,0.360:
176	50,0.527:258,0.478:294,0.467:288,0.458:300,0.438:100,0.427:1,0.415:121,0.368:127,0.359:174,0.338:
177	286,0.471:294,0.469:300,0.438:100,0.434:1,0.419:237,0.344:117,0.328:313,0.327:222,0.305:56,0.305:
178	258,0.488:294,0.477:286,0.477:181,0.473:288,0.463:121,0.393:117,0.348:98,0.320:302,0.305:151,0.299:
179	50,0.524:258,0.478:286,0.474:294,0.470:181,0.453:100,0.426:1,0.413:121,0.367:127,0.361:174,0.339:
180	50,0.524:286,0.477:294,0.474:288,0.462:300,0.444:100,0.442:1,0.429:121,0.393:127,0.385:174,0.371:
181	50,0.521:286,0.476:258,0.475:288,0.463:181,0.459:1,0.426:121,0.381:127,0.376:174,0.353:313,0.346:
182	258,0.479:286,0.477:294,0.472:288,0.460:300,0.442:100,0.432:121,0.377:127,0.370:174,0.350:237,0.347:
183	294,0.476:286,0.475:288,0.460:300,0.441:100,0.439:1,0.425:127,0.380:174,0.363:237,0.356:117,0.344:
184	258,0.490:294,0.478:286,0.478:181,0.475:288,0.463:100,0.453:300,0.450:174,0.387:237,0.383:222,0.350:
185	294,0.471:288,0.458:300,0.438:100,0.429:1,0.417:121,0.371:127,0.363:174,0.343:237,0.340:313,0.328:
186	50,0.524:286,0.476:288,0.460:181,0.459:300,0.442:100,0.431:1,0.423:127,0.373:174,0.356:237,0.349:
187	50,0.526:258,0.484:286,0.477:294,0.474:181,0.464:288,0.460:100,0.442:1,0.427:121,0.390:127,0.383:
188	258,0.483:286,0.477:181,0.462:1,0.424:127,0.374:237,0.353:117,0.339:313,0.335:7,0.327:222,0.317:
189	258,0.483:286,0.480:294,0.475:288,0.464:100,0.448:300,0.442:1,0.438:121,0.401:127,0.398:174,0.388:
190	50,0.523:286,0.473:294,0.470:181,0.453:300,0.437:1,0.413:127,0.358:174,0.337:117,0.322:748,0.299:
191	50,0.522:258,0.479:286,0.476:294,0.472:288,0.460:181,0.457:100,0.432:1,0.420:121,0.378:127,0.370:
192	258,0.479:286,0.475:294,0.471:288,0.457:181,0.456:300,0.440:1,0.417:127,0.365:174,0.344:237,0.341:
193	50,0.526:258,0.481:181,0.459:288,0.458:100,0.431:127,0.368:174,0.352:117,0.330:7,0.321:222,0.310:
194	258,0.487:181,0.486:286,0.483:288,0.464:1,0.454:300,0.448:127,0.415:237,0.400:7,0.382:117,0.378:
195	50,0.525:258,0.482:286,0.475:294,0.475:181,0.463:288,0.460:300,0.444:100,0.436:1,0.427:121,0.387:
196	50,0.525:258,0.483:286,0.476:294,0.473:181,0.460:288,0.460:300,0.445:100,0.435:1,0.425:121,0.384:
197	258,0.483:294,0.475:286,0.475:181,0.464:288,0.463:300,0.441:100,0.437:1,0.428:121,0.384:127,0.379:
198	258,0.485:286,0.479:294,0.475:288,0.461:100,0.450:174,0.380:7,0.347:313,0.344:748,0.326:172,0.324:
199	50,0.524:258,0.478:286,0.475:294,0.472:288,0.457:181,0.453:300,0.441:121,0.371:127,0.365:174,0.343:
200	50,0.526:258,0.487:294,0.477:286,0.476:181,0.474:100,0.450:300,0.445:121,0.407:127,0.398:174,0.386:
201	50,0.527:294,0.481:100,0.459:300,0.450:174,0.410:117,0.378:56,0.373:313,0.365:98,0.356:405,0.354:
202	50,0.525:286,0.475:294,0.472:288,0.460:181,0.459:300,0.441:100,0.433:121,0.379:127,0.372:174,0.354:
203	50,0.525:286,0.475:294,0.471:181,0.455:300,0.439:1,0.416:121,0.370:127,0.362:174,0.341:313,0.330:
204	50,0.525:258,0.479:286,0.473:294,0.470:181,0.454:100,0.426:1,0.415:121,0.370:127,0.361:174,0.341:
205	50,0.524:258,0.478:288,0.458:181,0.454:100,0.427:1,0.415:121,0.370:127,0.361:174,0.341:237,0.339:
206	50,0.524:258,0.478:286,0.474:294,0.472:288,0.459:181,0.453:100,0.426:1,0.418:121,0.372:127,0.364:
207	50,0.528:258,0.488:294,0.481:181,0.475:288,0.463:100,0.454:300,0.444:1,0.441:121,0.401:174,0.387:
208	50,0.521:258,0.480:286,0.478:294,0.473:288,0.461:181,0.460:300,0.445:100,0.437:1,0.427:121,0.386:
209	50,0.524:258,0.478:294,0.471:288,0.459:300,0.440:100,0.429:121,0.372:174,0.343:237,0.340:313,0.332:
210	50,0.528:258,0.482:294,0.476:286,0.474:288,0.459:100,0.441:300,0.440:127,0.385:237,0.361:117,0.345:
211	50,0.524:258,0.480:286,0.476:294,0.473:181,0.461:288,0.461:300,0.443:100,0.435:1,0.426:121,0.384:
212	50,0.524:258,0.482:286,0.478:294,0.472:288,0.461:181,0.460:300,0.444:100,0.436:1,0.426:121,0.384:
213	50,0.527:294,0.474:300,0.439:100,0.439:1,0.424:121,0.386:174,0.359:237,0.349:313,0.334:748,0.310:
214	50,0.527:258,0.484:286,0.477:294,0.471:288,0.462:300,0.438:1,0.429:121,0.387:237,0.356:117,0.343:
215	258,0.479:286,0.476:294,0.472:100,0.434:1,0.423:121,0.378:117,0.330:7,0.322:222,0.312:748,0.305:
216	258,0.485:286,0.474:294,0.473:288,0.462:300,0.442:121,0.386:127,0.379:174,0.363:117,0.340:7,0.335:
217	258,0.481:286,0.475:294,0.473:288,0.460:100,0.440:1,0.428:121,0.387:127,0.378:174,0.365:237,0.357:
218	50,0.526:258,0.483:286,0.475:181,0.461:300,0.441:100,0.437:1,0.424:121,0.384:127,0.377:174,0.361:
219	50,0.523:286,0.477:294,0.473:288,0.461:181,0.459:300,0.444:100,0.436:1,0.425:121,0.385:127,0.377:
220	50,0.524:286,0.474:288,0.457:181,0.453:100,0.428:1,0.415:121,0.369:127,0.361:174,0.341:237,0.338:
221	258,0.481:294,0.474:100,0.442:300,0.439:1,0.430:127,0.381:237,0.360:313,0.342:748,0.319:98,0.316:
222	286,0.477:288,0.470:1,0.455:300,0.445:127,0.420:7,0.385:313,0.374:222,0.371:172,0.366:748,0.355:
223	50,0.523:258,0.482:286,0.476:294,0.472:181,0.458:300,0.440:100,0.431:1,0.420:127,0.369:174,0.350:
224	50,0.525:258,0.483:294,0.473:288,0.463:181,0.462:300,0.445:100,0.440:1,0.427:121,0.391:127,0.383:
225	50,0.524:258,0.481:294,0.471:288,0.461:181,0.458:300,0.442:100,0.435:1,0.425:121,0.382:127,0.375:
226	50,0.524:258,0.480:294,0.473:181,0.462:288,0.460:300,0.442:100,0.436:1,0.426:121,0.383:127,0.377:
227	50,0.524:258,0.479:286,0.474:181,0.453:300,0.439:1,0.418:121,0.374:174,0.344:237,0.339:313,0.330:
228	50,0.523:258,0.479:294,0.472:288,0.459:181,0.456:300,0.442:100,0.433:1,0.421:121,0.378:127,0.369:
229	50,0.524:258,0.478:286,0.475:294,0.471:181,0.453:100,0.428:1,0.416:121,0.371:127,0.363:174,0.344:
230	50,0.527:258,0.486:286,0.477:181,0.470:288,0.461:300,0.441:127,0.383:313,0.343:7,0.342:222,0.329:
231	258,0.478:286,0.475:294,0.471:288,0.457:181,0.455:100,0.428:121,0.371:127,0.363:174,0.343:237,0.341:
232	258,0.480:288,0.458:181,0.455:300,0.437:1,0.419:121,0.372:174,0.345:237,0.341:313,0.328:7,0.317:
233	258,0.484:286,0.476:294,0.472:181,0.467:288,0.461:300,0.443:1,0.435:174,0.373:237,0.365:117,0.348:
234	50,0.524:294,0.479:288,0.474:1,0.460:300,0.456:121,0.439:237,0.418:7,0.397:117,0.394:98,0.390:
235	258,0.479:286,0.477:294,0.473:288,0.460:300,0.439:100,0.435:121,0.385:127,0.378:174,0.360:237,0.354:
236	258,0.480:286,0.476:288,0.457:300,0.436:1,0.421:121,0.375:237,0.342:313,0.326:7,0.321:222,0.308:
237	50,0.526:258,0.481:294,0.471:181,0.462:288,0.460:300,0.441:100,0.435:1,0.425:121,0.381:237,0.353:
238	50,0.524:258,0.479:288,0.458:181,0.454:300,0.441:100,0.429:1,0.418:121,0.374:127,0.365:174,0.344:
239	258,0.481:286,0.478:294,0.473:288,0.459:100,0.440:1,0.429:121,0.390:127,0.385:237,0.360:117,0.344:
240	50,0.524:258,0.477:294,0.471:288,0.459:181,0.453:300,0.440:100,0.426:1,0.415:121,0.369:127,0.361:
241	50,0.523:258,0.478:294,0.470:181,0.454:100,0.427:1,0.416:121,0.370:127,0.362:174,0.343:237,0.339:
242	50,0.524:258,0.479:286,0.476:288,0.459:181,0.457:300,0.442:100,0.431:121,0.377:127,0.368:174,0.349:
243	50,0.523:258,0.481:286,0.480:294,0.474:288,0.462:181,0.461:300,0.444:100,0.440:121,0.388:127,0.380:
244	258,0.488:286,0.477:294,0.476:181,0.471:288,0.464:100,0.450:300,0.446:127,0.401:237,0.381:117,0.364:
245	50,0.524:286,0.475:294,0.472:288,0.458:181,0.457:100,0.432:1,0.421:121,0.378:127,0.369:174,0.351:
246	258,0.486:286,0.480:294,0.479:100,0.452:300,0.445:1,0.443:121,0.412:127,0.403:237,0.384:117,0.367:
247	50,0.525:286,0.473:294,0.470:288,0.456:1,0.414:127,0.360:174,0.341:237,0.337:313,0.327:117,0.325:
248	258,0.481:286,0.476:294,0.471:181,0.460:288,0.458:300,0.440:100,0.433:127,0.370:174,0.353:237,0.347:
249	286,0.474:288,0.461:100,0.438:300,0.436:121,0.382:127,0.380:174,0.362:313,0.331:222,0.317:748,0.313:
250	286,0.474:294,0.468:300,0.439:1,0.416:121,0.372:127,0.365:174,0.347:117,0.328:7,0.316:748,0.305:
251	50,0.527:258,0.479:286,0.474:181,0.459:288,0.459:100,0.435:121,0.378:127,0.370:174,0.350:237,0.347:
252	50,0.523:258,0.480:294,0.472:288,0.460:181,0.458:300,0.442:100,0.433:121,0.377:127,0.370:174,0.351:
253	50,0.525:258,0.481:286,0.478:294,0.474:181,0.461:288,0.460:127,0.378:174,0.359:237,0.352:117,0.339:
254	50,0.527:258,0.483:294,0.477:286,0.477:288,0.463:300,0.442:100,0.441:121,0.396:127,0.388:174,0.373:
255	50,0.525:258,0.479:286,0.472:181,0.457:288,0.457:1,0.418:127,0.364:174,0.345:237,0.339:313,0.329:
256	258,0.484:286,0.476:294,0.475:181,0.470:300,0.438:121,0.390:127,0.388:237,0.361:313,0.341:7,0.340:
257	50,0.524:258,0.480:294,0.473:288,0.457:300,0.441:100,0.431:1,0.419:127,0.367:174,0.349:237,0.345:
258	50,0.524:288,0.457:181,0.452:100,0.425:1,0.413:121,0.368:127,0.358:174,0.338:237,0.334:313,0.326:
259	50,0.525:258,0.479:300,0.439:100,0.429:1,0.418:127,0.365:174,0.346:237,0.341:313,0.329:117,0.328:
260	50,0.523:286,0.475:294,0.471:181,0.455:300,0.442:100,0.429:1,0.418:121,0.374:127,0.366:174,0.347:
261	50,0.523:258,0.478:286,0.475:294,0.471:181,0.455:100,0.429:1,0.417:121,0.373:127,0.365:174,0.345:
262	50,0.524:258,0.483:286,0.478:300,0.445:121,0.396:127,0.388:174,0.373:237,0.365:117,0.350:313,0.347:
263	286,0.476:294,0.472:288,0.459:121,0.377:127,0.370:237,0.346:117,0.331:313,0.331:7,0.320:56,0.309:
264	50,0.526:258,0.482:294,0.475:181,0.462:300,0.442:1,0.422:121,0.387:127,0.378:174,0.363:237,0.356:
265	258,0.478:286,0.474:181,0.454:300,0.437:121,0.368:127,0.359:174,0.336:313,0.327:7,0.310:222,0.297:
266	50,0.524:258,0.478:294,0.470:288,0.456:181,0.453:300,0.439:1,0.414:121,0.368:127,0.358:174,0.338:
267	50,0.529:258,0.492:294,0.479:286,0.477:288,0.469:300,0.448:1,0.446:121,0.414:237,0.391:7,0.373:
268	181,0.485:258,0.485:1,0.449:300,0.444:121,0.421:237,0.390:7,0.374:313,0.365:98,0.357:748,0.346:
269	50,0.526:258,0.486:294,0.485:286,0.483:288,0.470:100,0.466:1,0.460:300,0.452:127,0.424:174,0.422:
270	258,0.482:286,0.476:294,0.474:181,0.466:288,0.465:300,0.444:100,0.443:1,0.432:127,0.387:174,0.376:
271	50,0.529:258,0.487:294,0.479:288,0.465:1,0.446:300,0.443:121,0.408:237,0.382:7,0.366:117,0.362:
272	258,0.482:286,0.476:294,0.474:181,0.465:288,0.460:100,0.440:300,0.440:1,0.427:121,0.387:127,0.380:
273	50,0.525:258,0.479:294,0.471:288,0.459:181,0.455:300,0.440:100,0.427:1,0.416:121,0.373:127,0.364:
274	50,0.524:286,0.475:294,0.471:288,0.458:181,0.456:1,0.419:121,0.376:127,0.366:174,0.348:313,0.332:
275	258,0.482:286,0.477:288,0.461:100,0.440:300,0.440:127,0.378:237,0.355:117,0.340:313,0.339:7,0.334:
276	181,0.494:294,0.483:286,0.480:288,0.476:121,0.444:127,0.436:117,0.405:56,0.401:748,0.382:204,0.379:
277	286,0.475:294,0.470:288,0.458:181,0.457:300,0.442:121,0.374:127,0.367:174,0.347:313,0.333:117,0.332:
278	50,0.524:294,0.471:181,0.453:300,0.439:100,0.427:1,0.415:121,0.370:127,0.361:174,0.341:237,0.337:
279	50,0.524:258,0.489:286,0.477:1,0.456:300,0.455:121,0.430:127,0.427:174,0.417:237,0.411:117,0.390:
280	50,0.524:258,0.488:286,0.480:181,0.477:288,0.466:100,0.457:300,0.451:1,0.450:121,0.418:127,0.409:
281	50,0.524:258,0.478:286,0.473:181,0.450:100,0.423:1,0.411:121,0.363:127,0.355:174,0.333:237,0.331:
282	50,0.523:258,0.480:286,0.474:294,0.471:288,0.459:181,0.456:100,0.430:1,0.420:121,0.375:127,0.367:
283	50,0.524:258,0.482:286,0.477:181,0.463:288,0.460:300,0.442:1,0.427:121,0.385:127,0.377:174,0.361:
284	50,0.522:258,0.478:286,0.473:294,0.471:288,0.460:181,0.453:300,0.441:100,0.425:1,0.416:121,0.369:
285	50,0.525:294,0.471:288,0.457:181,0.454:1,0.415:121,0.370:127,0.361:174,0.341:237,0.339:313,0.326:
286	50,0.527:258,0.491:294,0.480:286,0.479:288,0.469:100,0.455:300,0.449:1,0.445:127,0.408:237,0.396:
287	258,0.480:286,0.475:294,0.471:288,0.458:300,0.440:1,0.419:127,0.367:174,0.348:117,0.331:7,0.320:
288	50,0.527:288,0.455:181,0.455:300,0.437:1,0.414:127,0.362:237,0.337:313,0.324:117,0.322:7,0.313:
289	50,0.524:258,0.481:286,0.476:294,0.473:288,0.460:181,0.459:300,0.443:100,0.436:1,0.423:127,0.375:
290	50,0.528:258,0.485:286,0.478:294,0.473:288,0.462:100,0.447:300,0.442:127,0.389:237,0.369:313,0.349:
291	258,0.489:181,0.483:294,0.482:286,0.478:300,0.450:127,0.415:174,0.409:237,0.397:7,0.380:313,0.373:
292	258,0.480:286,0.473:294,0.473:288,0.462:300,0.441:100,0.439:121,0.389:127,0.381:174,0.365:237,0.359:
293	181,0.489:288,0.474:300,0.449:56,0.384:172,0.367:405,0.365:748,0.357:151,0.356:328,0.353:269,0.352:
294	288,0.456:300,0.436:127,0.350:174,0.329:7,0.301:748,0.294:222,0.290:56,0.287:98,0.273:172,0.272:
295	258,0.486:286,0.481:294,0.476:288,0.462:300,0.443:127,0.398:174,0.389:117,0.360:7,0.356:313,0.352:
296	258,0.481:286,0.473:288,0.455:300,0.436:121,0.369:174,0.343:117,0.324:222,0.304:56,0.301:748,0.300:
297	50,0.528:286,0.474:300,0.436:121,0.385:127,0.376:313,0.331:7,0.330:56,0.316:222,0.315:748,0.313:
298	258,0.482:286,0.477:181,0.466:288,0.458:300,0.441:100,0.439:237,0.356:313,0.337:117,0.336:7,0.331:
299	50,0.532:258,0.488:294,0.483:286,0.476:181,0.471:100,0.453:121,0.412:127,0.406:174,0.391:117,0.366:
300	50,0.522:258,0.479:286,0.474:181,0.456:100,0.430:1,0.419:121,0.375:127,0.367:174,0.347:237,0.345:
301	286,0.480:1,0.449:300,0.447:174,0.402:7,0.369:56,0.364:313,0.361:222,0.359:172,0.351:98,0.350:
302	50,0.523:258,0.479:286,0.475:288,0.461:181,0.455:300,0.441:100,0.429:1,0.418:121,0.373:127,0.366:
303	181,0.495:294,0.484:286,0.480:288,0.470:300,0.451:237,0.412:172,0.386:313,0.386:748,0.374:210,0.364:
304	50,0.524:258,0.478:288,0.457:181,0.453:100,0.426:1,0.414:121,0.367:127,0.359:174,0.339:237,0.336:
305	50,0.530:258,0.483:294,0.477:288,0.459:100,0.446:174,0.376:237,0.368:117,0.350:313,0.346:7,0.344:
306	50,0.524:294,0.471:288,0.458:181,0.454:300,0.441:100,0.429:1,0.417:121,0.374:127,0.365:174,0.345:
307	258,0.482:294,0.473:288,0.457:100,0.439:300,0.439:127,0.378:174,0.361:237,0.354:117,0.340:313,0.335:
308	181,0.494:258,0.491:286,0.479:100,0.471:1,0.458:300,0.454:174,0.430:127,0.427:222,0.388:98,0.385:
309	50,0.524:294,0.470:288,0.459:181,0.455:300,0.442:100,0.430:1,0.418:121,0.374:127,0.365:174,0.347:
310	258,0.480:286,0.476:288,0.459:181,0.457:300,0.442:100,0.433:1,0.422:121,0.378:127,0.370:174,0.353:
311	50,0.526:258,0.485:286,0.480:181,0.479:288,0.467:1,0.447:174,0.403:237,0.399:117,0.378:7,0.372:
312	258,0.486:286,0.479:294,0.474:288,0.466:100,0.453:300,0.444:121,0.407:127,0.398:237,0.380:117,0.359:
313	286,0.477:294,0.475:288,0.462:100,0.447:174,0.386:7,0.355:117,0.355:313,0.351:56,0.346:98,0.335:
314	50,0.523:258,0.483:286,0.479:181,0.475:288,0.467:100,0.452:300,0.451:127,0.401:174,0.389:237,0.383:
315	50,0.524:258,0.481:294,0.470:181,0.459:300,0.441:100,0.433:1,0.423:127,0.371:174,0.356:237,0.349:
316	50,0.525:258,0.483:294,0.470:181,0.461:288,0.459:300,0.439:1,0.424:121,0.381:237,0.350:117,0.335:
317	50,0.523:258,0.479:286,0.475:294,0.472:181,0.455:300,0.441:100,0.429:1,0.419:121,0.375:127,0.367:
318	50,0.526:258,0.483:286,0.478:181,0.468:288,0.463:300,0.443:1,0.432:127,0.385:237,0.365:117,0.350:
319	50,0.522:258,0.479:286,0.473:294,0.470:288,0.459:181,0.455:300,0.443:100,0.428:1,0.418:121,0.374:
320	50,0.524:258,0.485:286,0.474:294,0.473:181,0.470:100,0.446:1,0.435:127,0.389:174,0.377:237,0.368:
321	50,0.528:258,0.484:294,0.474:181,0.462:288,0.461:300,0.444:100,0.443:1,0.431:121,0.395:237,0.367:
322	50,0.524:286,0.475:294,0.473:181,0.460:288,0.460:300,0.441:100,0.436:1,0.424:121,0.382:174,0.356:
323	286,0.473:300,0.436:100,0.428:1,0.415:127,0.364:174,0.345:237,0.338:313,0.327:117,0.326:7,0.314:
324	258,0.476:181,0.448:300,0.434:100,0.421:121,0.357:127,0.346:174,0.323:237,0.322:313,0.314:117,0.311:
325	258,0.486:286,0.476:294,0.473:181,0.468:288,0.464:300,0.444:100,0.444:121,0.394:127,0.386:237,0.365:
326	50,0.528:258,0.485:286,0.479:294,0.476:288,0.463:100,0.454:300,0.444:121,0.408:7,0.364:117,0.360:
327	50,0.530:258,0.490:294,0.478:288,0.465:300,0.446:127,0.401:237,0.381:313,0.356:748,0.333:210,0.307:
328	294,0.481:288,0.463:100,0.449:1,0.438:174,0.382:7,0.352:222,0.342:98,0.328:269,0.320:151,0.313:
329	258,0.478:288,0.458:181,0.454:300,0.437:100,0.425:1,0.414:121,0.369:237,0.337:748,0.300:222,0.300:
330	50,0.527:258,0.484:294,0.477:286,0.476:181,0.473:288,0.464:300,0.444:121,0.402:127,0.392:174,0.381:
331	50,0.524:258,0.481:294,0.472:181,0.460:288,0.460:300,0.443:100,0.435:121,0.380:127,0.372:174,0.357:
332	258,0.482:286,0.475:181,0.467:288,0.459:300,0.441:100,0.436:127,0.376:174,0.360:7,0.330:98,0.309:
333	50,0.525:258,0.479:286,0.474:288,0.457:181,0.456:1,0.418:121,0.373:237,0.340:313,0.330:117,0.327:
334	294,0.478:100,0.457:300,0.443:1,0.443:117,0.371:7,0.366:313,0.361:222,0.352:748,0.342:269,0.332:
335	50,0.524:286,0.475:294,0.469:288,0.459:181,0.453:100,0.426:1,0.415:121,0.369:127,0.361:174,0.341:
336	258,0.478:286,0.476:181,0.466:300,0.444:127,0.380:174,0.361:313,0.342:117,0.341:7,0.334:222,0.324:
337	258,0.479:286,0.475:294,0.472:288,0.459:300,0.441:100,0.432:1,0.421:121,0.380:174,0.353:237,0.348:
338	50,0.525:258,0.481:294,0.471:181,0.460:288,0.459:300,0.439:100,0.437:121,0.385:127,0.378:174,0.361:
339	258,0.491:181,0.483:286,0.481:294,0.477:288,0.464:1,0.447:300,0.445:237,0.388:313,0.361:98,0.350:
340	258,0.481:286,0.478:294,0.474:181,0.464:288,0.462:300,0.443:100,0.440:1,0.428:121,0.390:127,0.383:
341	50,0.523:258,0.480:286,0.476:294,0.471:288,0.461:181,0.459:300,0.443:100,0.434:1,0.423:121,0.382:
342	50,0.531:258,0.483:181,0.468:288,0.463:100,0.445:300,0.441:1,0.436:121,0.396:127,0.393:237,0.370:
343	181,0.477:294,0.474:100,0.452:300,0.444:121,0.407:237,0.379:313,0.354:172,0.338:405,0.337:748,0.337:
344	286,0.477:294,0.473:181,0.462:288,0.461:300,0.444:237,0.354:313,0.338:56,0.324:222,0.317:748,0.316:
345	100,0.448:1,0.435:121,0.397:127,0.391:174,0.379:313,0.352:7,0.350:222,0.337:748,0.328:98,0.328:
346	258,0.491:294,0.477:286,0.476:1,0.444:121,0.409:174,0.392:237,0.381:313,0.357:222,0.347:405,0.334:
347	294,0.477:286,0.477:288,0.466:300,0.444:127,0.387:313,0.351:7,0.347:222,0.339:56,0.339:98,0.328:
348	50,0.523:258,0.479:286,0.476:294,0.473:288,0.461:181,0.459:300,0.442:100,0.433:1,0.422:127,0.372:
349	50,0.521:258,0.479:286,0.475:294,0.472:288,0.460:181,0.459:300,0.443:1,0.422:127,0.373:174,0.352:
350	286,0.474:294,0.471:288,0.456:300,0.438:100,0.435:1,0.423:121,0.380:174,0.356:237,0.349:313,0.333:
351	50,0.525:286,0.472:294,0.469:181,0.448:100,0.422:1,0.409:121,0.360:127,0.353:174,0.331:237,0.329:
352	258,0.481:286,0.476:294,0.472:181,0.462:288,0.459:300,0.441:1,0.426:121,0.382:127,0.377:237,0.355:
353	50,0.522:286,0.474:294,0.470:288,0.458:181,0.452:300,0.439:100,0.425:1,0.414:121,0.367:127,0.358:
354	294,0.474:288,0.462:300,0.444:1,0.435:121,0.398:127,0.390:174,0.381:237,0.375:117,0.355:56,0.345:
355	50,0.525:258,0.478:294,0.470:181,0.454:300,0.440:100,0.427:1,0.416:121,0.372:127,0.364:174,0.344:
356	50,0.525:181,0.452:300,0.437:100,0.425:1,0.413:121,0.368:127,0.359:174,0.338:237,0.335:313,0.326:
357	50,0.524:258,0.480:286,0.475:294,0.473:288,0.462:181,0.462:300,0.445:100,0.434:127,0.372:174,0.354:
358	50,0.526:286,0.477:294,0.471:288,0.461:181,0.459:300,0.443:100,0.435:1,0.423:121,0.385:237,0.353:
359	258,0.478:294,0.470:288,0.458:300,0.440:100,0.427:1,0.415:127,0.361:174,0.342:237,0.339:313,0.329:
360	294,0.472:288,0.458:181,0.456:300,0.437:121,0.370:127,0.362:237,0.337:313,0.323:117,0.322:7,0.313:
361	286,0.476:294,0.474:181,0.467:288,0.459:300,0.443:100,0.440:1,0.430:127,0.381:174,0.369:313,0.345:
362	50,0.524:258,0.479:286,0.474:294,0.471:288,0.458:181,0.452:100,0.425:1,0.414:121,0.368:127,0.360:
363	294,0.482:286,0.476:288,0.472:300,0.450:237,0.397:405,0.357:748,0.351:269,0.342:9,0.329:289,0.324:
364	50,0.524:258,0.480:288,0.458:181,0.455:300,0.440:100,0.429:1,0.417:121,0.374:127,0.364:174,0.345:
365	50,0.526:258,0.478:286,0.475:181,0.452:300,0.437:121,0.365:127,0.357:174,0.336:313,0.322:117,0.320:
366	50,0.522:258,0.479:286,0.476:294,0.472:181,0.460:300,0.443:100,0.437:1,0.425:121,0.386:127,0.377:
367	258,0.481:286,0.474:294,0.472:181,0.463:288,0.461:300,0.443:100,0.436:1,0.425:121,0.385:127,0.376:
368	50,0.525:258,0.480:286,0.476:294,0.471:288,0.461:300,0.440:1,0.422:121,0.382:174,0.358:237,0.353:
369	258,0.479:286,0.476:294,0.471:288,0.459:181,0.459:300,0.441:100,0.432:1,0.422:121,0.378:127,0.372:
370	258,0.481:286,0.475:288,0.456:300,0.436:1,0.420:121,0.374:127,0.367:237,0.342:313,0.327:117,0.326:
371	258,0.482:286,0.477:294,0.474:288,0.460:100,0.441:300,0.440:121,0.386:174,0.364:237,0.357:313,0.340:
372	50,0.524:258,0.481:286,0.475:294,0.471:181,0.462:300,0.442:1,0.423:121,0.383:127,0.373:174,0.357:
373	258,0.494:294,0.479:288,0.469:100,0.460:1,0.451:300,0.446:121,0.426:127,0.417:237,0.402:7,0.381:
374	258,0.488:286,0.479:1,0.452:300,0.447:121,0.424:127,0.414:237,0.399:7,0.379:313,0.369:405,0.358:
375	50,0.524:258,0.481:286,0.474:294,0.472:181,0.460:300,0.441:100,0.437:1,0.424:121,0.384:127,0.377:
376	50,0.525:258,0.480:286,0.475:294,0.470:300,0.440:1,0.419:121,0.374:127,0.368:174,0.349:237,0.346:
377	50,0.526:286,0.472:288,0.458:181,0.455:300,0.438:100,0.428:1,0.416:121,0.372:127,0.364:174,0.346:
378	50,0.527:258,0.495:286,0.484:100,0.478:288,0.474:121,0.448:127,0.442:222,0.403:172,0.398:405,0.395:
379	50,0.530:258,0.484:294,0.477:288,0.463:300,0.444:121,0.403:237,0.381:117,0.357:313,0.351:222,0.349:
380	294,0.477:181,0.471:288,0.462:300,0.440:1,0.434:127,0.392:237,0.371:117,0.352:313,0.348:56,0.340:
381	50,0.526:258,0.479:286,0.475:181,0.463:288,0.460:300,0.443:100,0.437:127,0.378:174,0.363:237,0.358:
382	294,0.471:181,0.457:288,0.457:300,0.440:1,0.419:121,0.376:127,0.367:174,0.349:237,0.343:313,0.330:
383	50,0.528:258,0.483:294,0.472:181,0.462:288,0.460:300,0.441:1,0.425:121,0.385:127,0.376:174,0.360:
384	50,0.525:294,0.468:288,0.457:181,0.451:100,0.423:1,0.410:121,0.363:127,0.355:174,0.334:237,0.332:
385	258,0.487:181,0.486:286,0.482:294,0.479:288,0.471:1,0.456:300,0.450:121,0.431:174,0.428:237,0.410:
386	50,0.524:258,0.480:286,0.476:294,0.473:288,0.459:300,0.441:100,0.435:1,0.423:121,0.380:174,0.353:
387	294,0.480:288,0.468:300,0.444:237,0.402:56,0.377:313,0.368:405,0.357:748,0.353:269,0.342:328,0.341:
388	50,0.525:286,0.471:181,0.450:127,0.351:174,0.327:313,0.316:117,0.313:7,0.299:748,0.289:222,0.288:
389	258,0.486:294,0.480:288,0.471:100,0.462:121,0.422:237,0.402:7,0.382:117,0.379:222,0.374:313,0.373:
390	50,0.526:294,0.470:288,0.457:181,0.453:100,0.427:121,0.369:127,0.358:174,0.339:237,0.336:313,0.326:
391	286,0.475:181,0.464:300,0.437:1,0.425:121,0.381:127,0.376:117,0.337:313,0.332:7,0.330:56,0.318:
392	258,0.478:286,0.471:100,0.423:1,0.413:121,0.363:237,0.333:117,0.317:7,0.306:222,0.296:748,0.295:
393	50,0.527:294,0.491:286,0.478:100,0.474:300,0.456:127,0.439:174,0.436:222,0.407:313,0.402:98,0.400:
394	258,0.488:181,0.481:286,0.479:100,0.457:300,0.443:121,0.412:127,0.400:174,0.399:237,0.385:117,0.364:
395	294,0.467:121,0.359:174,0.328:117,0.312:7,0.300:222,0.286:56,0.284:405,0.273:172,0.271:302,0.267:
396	50,0.526:258,0.477:286,0.474:294,0.470:181,0.453:1,0.413:127,0.361:174,0.338:313,0.327:7,0.312:
397	258,0.479:294,0.468:300,0.438:1,0.418:121,0.372:237,0.338:117,0.324:7,0.313:56,0.302:222,0.300:
398	50,0.528:258,0.485:181,0.481:286,0.479:294,0.478:288,0.467:300,0.446:121,0.417:7,0.375:222,0.363:
399	258,0.493:294,0.487:286,0.480:300,0.452:127,0.432:7,0.403:313,0.385:748,0.370:269,0.367:257,0.361:
400	50,0.524:181,0.449:300,0.436:100,0.421:1,0.409:121,0.360:127,0.351:174,0.330:237,0.327:117,0.315:
401	50,0.527:258,0.483:294,0.475:288,0.460:100,0.439:300,0.438:117,0.338:313,0.333:7,0.333:222,0.320:
402	294,0.471:288,0.455:300,0.438:121,0.368:127,0.358:174,0.338:313,0.323:7,0.311:56,0.297:98,0.283:
403	258,0.478:286,0.473:294,0.470:300,0.437:121,0.370:174,0.338:313,0.326:56,0.298:98,0.287:172,0.284:
404	50,0.523:294,0.469:181,0.446:100,0.420:1,0.408:121,0.358:127,0.350:237,0.327:174,0.326:313,0.318:
405	100,0.497:258,0.495:294,0.493:1,0.489:286,0.489:121,0.489:127,0.486:237,0.481:56,0.479:300,0.478:
406	50,0.531:181,0.493:258,0.492:288,0.469:300,0.448:313,0.384:748,0.372:328,0.365:257,0.365:79,0.364:
407	50,0.531:294,0.479:300,0.442:174,0.404:237,0.385:117,0.365:222,0.358:748,0.339:302,0.329:328,0.328:
408	50,0.525:258,0.477:181,0.450:100,0.420:1,0.409:121,0.360:127,0.350:174,0.329:237,0.328:117,0.315:
409	50,0.533:258,0.484:294,0.474:181,0.469:288,0.459:1,0.432:121,0.395:237,0.364:313,0.347:117,0.346:
410	50,0.525:286,0.474:294,0.472:288,0.457:181,0.452:300,0.439:100,0.427:1,0.413:121,0.368:127,0.361:
411	286,0.476:294,0.473:288,0.460:300,0.439:100,0.437:121,0.382:127,0.377:237,0.354:313,0.336:7,0.330:
412	50,0.525:258,0.481:286,0.473:294,0.472:181,0.462:300,0.440:100,0.437:121,0.382:127,0.372:237,0.349:
413	294,0.467:288,0.452:1,0.403:121,0.352:127,0.342:174,0.316:313,0.308:117,0.305:7,0.290:748,0.280:
414	50,0.522:286,0.473:294,0.470:181,0.451:100,0.424:1,0.413:121,0.364:127,0.355:174,0.336:237,0.333:
415	50,0.527:286,0.476:294,0.473:288,0.458:181,0.457:300,0.440:100,0.433:1,0.420:121,0.377:127,0.369:
416	294,0.491:174,0.445:56,0.415:117,0.413:222,0.406:405,0.395:210,0.381:69,0.364:22,0.357:89,0.341:
417	300,0.453:127,0.430:237,0.420:98,0.387:313,0.384:204,0.373:269,0.368:328,0.364:318,0.350:9,0.349:
418	50,0.524:286,0.474:294,0.471:181,0.453:100,0.426:1,0.414:121,0.368:127,0.360:174,0.339:237,0.336:
419	258,0.478:294,0.469:288,0.456:121,0.367:127,0.358:237,0.335:313,0.322:117,0.322:7,0.311:222,0.298:
420	50,0.526:258,0.479:294,0.471:181,0.454:300,0.439:1,0.418:121,0.371:174,0.343:237,0.340:313,0.328:
421	258,0.483:286,0.476:294,0.470:181,0.464:288,0.459:300,0.437:1,0.428:121,0.381:237,0.354:313,0.335:
422	258,0.476:300,0.436:121,0.360:174,0.333:313,0.318:748,0.291:56,0.288:405,0.277:172,0.273:269,0.271:
423	50,0.524:258,0.478:294,0.470:288,0.456:181,0.449:300,0.437:1,0.410:121,0.359:237,0.328:174,0.327:
424	181,0.446:121,0.351:174,0.318:237,0.317:313,0.308:117,0.305:7,0.291:748,0.282:222,0.277:56,0.274:
425	237,0.341:313,0.321:56,0.301:748,0.299:172,0.290:328,0.279:151,0.271:9,0.259:210,0.255:173,0.249:
426	258,0.483:286,0.480:294,0.473:181,0.469:288,0.459:300,0.440:1,0.434:121,0.396:127,0.388:237,0.365:
427	50,0.524:294,0.468:288,0.458:181,0.454:300,0.440:100,0.427:1,0.413:121,0.370:127,0.361:174,0.342:
428	50,0.526:258,0.474:181,0.444:100,0.415:1,0.402:121,0.353:127,0.344:174,0.320:237,0.319:117,0.308:
429	294,0.490:286,0.481:127,0.462:313,0.411:328,0.403:269,0.402:748,0.399:318,0.398:423,0.396:9,0.394:
430	1,0.407:174,0.324:313,0.310:405,0.268:172,0.266:269,0.261:257,0.242:204,0.237:289,0.235:210,0.228:
431	50,0.524:258,0.478:286,0.473:288,0.457:181,0.450:100,0.423:1,0.412:121,0.364:127,0.356:174,0.334:
432	50,0.526:286,0.471:127,0.353:174,0.330:237,0.328:748,0.294:222,0.294:56,0.289:172,0.276:98,0.275:
433	50,0.527:258,0.477:288,0.456:181,0.450:100,0.422:1,0.410:121,0.361:127,0.354:237,0.329:313,0.320:
434	50,0.525:258,0.478:286,0.477:294,0.474:181,0.458:300,0.441:100,0.430:127,0.369:174,0.347:313,0.334:
435	286,0.480:237,0.427:328,0.378:269,0.377:173,0.377:302,0.373:276,0.364:289,0.363:275,0.358:323,0.342:
436	258,0.486:286,0.480:181,0.479:294,0.478:100,0.455:300,0.450:1,0.442:121,0.413:174,0.399:237,0.387:
437	258,0.494:294,0.482:1,0.460:300,0.448:127,0.431:7,0.395:222,0.386:313,0.382:405,0.378:269,0.361:
438	50,0.525:258,0.478:294,0.470:288,0.455:127,0.357:174,0.333:313,0.324:117,0.321:7,0.308:748,0.298:
439	50,0.524:258,0.478:286,0.472:294,0.468:181,0.454:1,0.417:127,0.361:174,0.341:313,0.327:117,0.324:
440	50,0.523:286,0.475:294,0.470:288,0.457:181,0.453:100,0.424:1,0.414:121,0.371:127,0.360:174,0.341:
441	50,0.525:258,0.476:286,0.473:181,0.450:127,0.354:174,0.331:237,0.329:748,0.294:222,0.293:56,0.289:
442	50,0.526:258,0.485:300,0.442:1,0.435:127,0.390:237,0.367:748,0.329:98,0.328:269,0.313:328,0.313:
443	50,0.525:288,0.457:181,0.451:300,0.437:100,0.422:1,0.410:121,0.362:127,0.354:174,0.333:237,0.331:
444	50,0.526:294,0.470:288,0.456:181,0.450:1,0.409:121,0.361:127,0.351:174,0.331:237,0.328:117,0.316:
445	258,0.476:286,0.471:294,0.468:222,0.295:98,0.277:172,0.277:269,0.274:328,0.273:204,0.249:210,0.241:
446	50,0.526:258,0.476:181,0.445:100,0.416:1,0.404:121,0.352:127,0.343:174,0.320:237,0.319:313,0.312:
447	100,0.438:121,0.382:127,0.374:313,0.332:172,0.301:328,0.292:269,0.290:302,0.289:210,0.266:289,0.266:
448	50,0.525:294,0.467:181,0.449:300,0.436:100,0.421:1,0.408:121,0.362:127,0.353:174,0.331:237,0.329:
449	50,0.523:258,0.479:286,0.475:294,0.472:181,0.460:300,0.441:1,0.422:121,0.377:174,0.353:237,0.347:
450	100,0.490:257,0.408:289,0.405:9,0.403:216,0.399:276,0.397:64,0.395:183,0.391:268,0.389:97,0.387:
451	50,0.526:294,0.467:181,0.447:300,0.436:100,0.416:1,0.402:121,0.354:127,0.346:174,0.325:237,0.322:
452	258,0.490:1,0.445:300,0.441:56,0.359:117,0.358:222,0.350:313,0.349:405,0.338:748,0.334:151,0.325:
453	294,0.483:286,0.479:1,0.444:300,0.444:121,0.413:127,0.398:313,0.355:222,0.352:98,0.346:405,0.339:
454	294,0.476:181,0.473:288,0.460:127,0.399:7,0.356:405,0.330:269,0.317:328,0.314:151,0.314:168,0.299:
455	294,0.475:748,0.315:328,0.296:302,0.296:151,0.292:210,0.278:168,0.272:333,0.261:111,0.259:195,0.246:
456	294,0.483:288,0.469:300,0.445:237,0.400:7,0.383:117,0.381:313,0.370:748,0.355:151,0.350:328,0.345:
457	286,0.482:300,0.445:313,0.378:748,0.367:328,0.358:269,0.358:302,0.357:289,0.342:333,0.329:268,0.325:
458	258,0.484:294,0.472:300,0.438:313,0.337:222,0.321:748,0.314:172,0.309:269,0.296:328,0.295:151,0.288:
459	288,0.456:237,0.324:313,0.314:56,0.282:302,0.264:269,0.262:151,0.247:204,0.240:9,0.236:118,0.232:
460	50,0.524:181,0.448:300,0.437:121,0.357:237,0.322:174,0.322:748,0.288:222,0.285:56,0.281:405,0.271:
461	286,0.472:288,0.455:181,0.451:300,0.436:100,0.421:1,0.410:127,0.354:174,0.332:237,0.330:117,0.315:
462	50,0.526:258,0.477:286,0.473:294,0.469:1,0.408:121,0.359:127,0.351:174,0.330:117,0.316:7,0.302:
463	294,0.470:181,0.449:300,0.436:174,0.326:748,0.295:222,0.288:56,0.285:405,0.276:172,0.271:328,0.269:
464	100,0.416:1,0.404:121,0.352:174,0.320:237,0.318:313,0.311:117,0.307:7,0.292:222,0.280:56,0.274:
465	294,0.472:288,0.457:121,0.376:237,0.341:313,0.324:117,0.324:222,0.306:748,0.302:405,0.292:302,0.283:
466	286,0.472:100,0.428:1,0.412:237,0.330:222,0.294:151,0.257:257,0.255:204,0.252:289,0.247:9,0.246:
467	286,0.472:294,0.470:300,0.435:121,0.366:174,0.337:237,0.332:313,0.323:748,0.297:56,0.295:405,0.284:
468	288,0.460:300,0.441:313,0.339:748,0.320:302,0.305:328,0.304:269,0.302:151,0.297:210,0.284:289,0.282:
469	50,0.526:258,0.482:294,0.472:181,0.465:288,0.458:300,0.443:100,0.439:1,0.429:121,0.390:174,0.365:
470	300,0.438:121,0.363:127,0.354:174,0.331:237,0.327:313,0.320:117,0.320:748,0.295:56,0.290:405,0.279:
471	258,0.480:286,0.477:294,0.473:181,0.463:288,0.461:300,0.443:100,0.437:121,0.389:127,0.380:174,0.364:
472	286,0.480:300,0.452:127,0.433:237,0.419:98,0.389:328,0.365:269,0.365:302,0.359:276,0.350:9,0.349:
473	50,0.525:258,0.479:286,0.472:294,0.472:288,0.458:181,0.456:300,0.439:100,0.429:1,0.420:121,0.373:
474	1,0.460:300,0.445:328,0.353:269,0.353:118,0.331:333,0.319:202,0.315:268,0.313:742,0.310:245,0.306:
475	294,0.470:288,0.456:181,0.453:300,0.437:1,0.411:121,0.364:174,0.335:237,0.333:117,0.320:7,0.307:
476	50,0.527:258,0.485:286,0.474:181,0.471:100,0.446:1,0.432:121,0.398:127,0.387:174,0.377:237,0.369:
477	50,0.522:258,0.478:286,0.477:181,0.460:288,0.460:300,0.443:100,0.435:1,0.424:121,0.383:127,0.375:
478	258,0.484:294,0.478:286,0.477:181,0.471:121,0.395:127,0.386:174,0.379:117,0.352:313,0.347:56,0.337:
479	237,0.364:7,0.342:313,0.336:56,0.332:98,0.322:269,0.302:302,0.299:9,0.280:289,0.280:69,0.271:
480	286,0.474:181,0.459:288,0.457:300,0.436:1,0.420:121,0.376:117,0.328:313,0.327:7,0.321:222,0.308:
481	258,0.481:286,0.476:294,0.472:288,0.459:300,0.441:1,0.429:121,0.388:127,0.383:174,0.365:237,0.359:
482	181,0.448:300,0.434:100,0.417:1,0.405:121,0.355:174,0.324:237,0.322:117,0.310:7,0.296:222,0.284:
483	294,0.471:288,0.459:300,0.437:100,0.431:127,0.365:174,0.347:117,0.329:7,0.317:748,0.304:56,0.304:
484	286,0.477:288,0.459:100,0.451:127,0.389:748,0.321:328,0.306:302,0.304:269,0.304:289,0.284:118,0.278:
485	50,0.526:258,0.476:181,0.447:300,0.434:100,0.420:1,0.407:121,0.358:127,0.350:174,0.327:237,0.325:
486	174,0.314:313,0.312:56,0.274:172,0.262:98,0.260:204,0.231:118,0.224:210,0.221:173,0.219:79,0.214:
487	127,0.415:7,0.384:328,0.346:269,0.344:151,0.343:302,0.340:168,0.326:118,0.325:9,0.325:15,0.317:
488	121,0.371:237,0.342:117,0.319:7,0.315:313,0.314:302,0.274:151,0.265:204,0.262:257,0.258:118,0.242:
489	50,0.526:181,0.438:100,0.407:1,0.394:121,0.340:127,0.333:174,0.307:237,0.306:117,0.297:7,0.279:
490	294,0.469:288,0.455:300,0.435:121,0.362:174,0.331:313,0.321:748,0.294:56,0.290:405,0.279:172,0.276:
491	50,0.524:288,0.456:181,0.455:300,0.441:1,0.416:121,0.372:174,0.342:313,0.330:117,0.327:748,0.303:
492	50,0.524:258,0.481:294,0.473:181,0.460:288,0.459:300,0.441:1,0.426:121,0.385:174,0.361:237,0.356:
493	286,0.474:294,0.471:237,0.342:313,0.324:748,0.302:269,0.280:302,0.279:289,0.259:9,0.258:15,0.247:
494	258,0.477:288,0.453:313,0.311:117,0.310:7,0.297:56,0.283:405,0.271:172,0.269:302,0.266:328,0.265:
495	258,0.490:294,0.483:286,0.480:100,0.474:300,0.450:237,0.419:7,0.408:117,0.393:313,0.385:405,0.383:
496	258,0.487:286,0.480:294,0.477:100,0.458:1,0.444:300,0.444:121,0.413:127,0.406:237,0.387:117,0.366:
497	286,0.478:117,0.401:313,0.386:328,0.372:269,0.372:302,0.367:69,0.360:9,0.358:318,0.358:289,0.354:
498	286,0.473:294,0.472:300,0.435:1,0.432:117,0.344:313,0.337:748,0.315:405,0.310:328,0.302:257,0.288:
499	286,0.477:294,0.473:288,0.459:1,0.420:121,0.376:237,0.348:222,0.310:748,0.304:405,0.295:172,0.293:
500	288,0.461:127,0.396:222,0.340:748,0.336:269,0.319:302,0.316:173,0.296:79,0.290:333,0.283:318,0.280:
501	50,0.525:258,0.478:286,0.472:300,0.440:1,0.418:174,0.340:748,0.303:56,0.302:172,0.286:98,0.286:
502	50,0.523:286,0.471:181,0.449:100,0.419:1,0.408:121,0.359:127,0.351:174,0.329:237,0.326:117,0.314:
503	258,0.489:294,0.474:288,0.461:300,0.442:117,0.354:7,0.353:56,0.345:222,0.336:748,0.327:328,0.314:
504	286,0.480:1,0.453:7,0.384:313,0.377:222,0.376:172,0.368:405,0.367:748,0.356:269,0.354:302,0.352:
505	286,0.474:288,0.461:100,0.438:222,0.312:405,0.298:269,0.290:302,0.288:257,0.273:289,0.265:9,0.264:
506	100,0.481:286,0.481:288,0.473:1,0.468:121,0.447:127,0.442:237,0.427:7,0.412:117,0.408:98,0.400:
507	286,0.471:100,0.414:1,0.401:127,0.341:174,0.316:237,0.315:7,0.288:56,0.269:172,0.257:98,0.255:
508	258,0.486:286,0.477:294,0.475:288,0.459:100,0.450:300,0.438:127,0.393:237,0.371:117,0.349:7,0.345:
509	286,0.471:100,0.419:1,0.405:121,0.356:127,0.345:174,0.323:237,0.321:313,0.311:117,0.307:7,0.295:
510	50,0.526:181,0.447:100,0.418:1,0.405:121,0.355:127,0.348:174,0.324:237,0.323:117,0.311:7,0.297:
511	50,0.523:258,0.478:286,0.474:181,0.452:100,0.424:1,0.412:121,0.366:127,0.357:174,0.336:237,0.333:
512	294,0.470:288,0.458:181,0.457:300,0.440:100,0.429:121,0.372:127,0.363:174,0.346:237,0.342:117,0.328:
513	286,0.475:294,0.471:288,0.457:300,0.439:100,0.429:1,0.417:174,0.345:237,0.341:313,0.330:7,0.318:
514	286,0.479:288,0.463:300,0.441:121,0.410:127,0.400:117,0.357:56,0.354:151,0.322:9,0.300:289,0.298:
515	50,0.526:181,0.444:100,0.416:1,0.401:121,0.350:127,0.342:174,0.318:237,0.316:117,0.305:7,0.290:
516	258,0.480:294,0.471:288,0.460:300,0.440:100,0.433:1,0.421:121,0.378:127,0.370:174,0.351:237,0.347:
517	286,0.473:288,0.455:100,0.423:121,0.362:174,0.328:313,0.318:7,0.302:56,0.286:98,0.272:172,0.271:
518	50,0.526:258,0.477:286,0.474:294,0.470:181,0.458:127,0.366:174,0.342:313,0.332:748,0.307:56,0.305:
519	50,0.521:258,0.479:286,0.475:294,0.470:181,0.451:300,0.440:100,0.426:1,0.413:121,0.367:127,0.361:
520	50,0.525:258,0.478:288,0.456:181,0.450:1,0.411:121,0.364:127,0.354:174,0.331:237,0.330:313,0.322:
521	294,0.481:286,0.475:237,0.373:313,0.348:98,0.333:328,0.315:269,0.313:302,0.313:9,0.293:289,0.293:
522	50,0.527:258,0.482:286,0.476:294,0.474:181,0.464:288,0.460:300,0.443:1,0.429:121,0.390:127,0.382:
523	286,0.476:294,0.476:288,0.460:300,0.442:100,0.439:121,0.391:127,0.380:174,0.371:237,0.362:313,0.347:
524	258,0.495:294,0.483:288,0.473:1,0.466:300,0.455:121,0.449:313,0.387:328,0.373:257,0.370:9,0.363:
525	50,0.527:258,0.476:286,0.473:294,0.471:174,0.336:313,0.326:117,0.323:748,0.300:222,0.300:56,0.295:
526	286,0.469:174,0.311:237,0.310:117,0.301:222,0.271:56,0.266:405,0.257:172,0.254:98,0.252:151,0.231:
527	258,0.486:294,0.476:288,0.460:300,0.441:1,0.440:121,0.403:237,0.371:117,0.358:313,0.349:222,0.342:
528	286,0.475:288,0.459:300,0.439:100,0.436:1,0.427:121,0.380:127,0.374:237,0.352:313,0.336:117,0.335:
529	50,0.527:181,0.444:100,0.417:1,0.402:121,0.350:127,0.342:174,0.318:237,0.316:313,0.309:117,0.304:
530	258,0.481:286,0.475:294,0.472:288,0.457:300,0.438:1,0.421:121,0.378:127,0.369:117,0.332:313,0.331:
531	50,0.525:258,0.476:294,0.470:181,0.449:100,0.422:1,0.409:121,0.360:127,0.353:174,0.330:237,0.328:
532	50,0.529:258,0.490:294,0.481:286,0.477:288,0.472:174,0.413:237,0.402:56,0.381:222,0.377:172,0.369:
533	7,0.354:302,0.311:269,0.311:173,0.297:79,0.295:268,0.267:323,0.262:183,0.260:89,0.250:301,0.242:
534	50,0.525:258,0.478:181,0.455:100,0.427:127,0.356:174,0.336:313,0.324:222,0.300:56,0.296:98,0.282:
535	294,0.477:288,0.461:127,0.407:117,0.360:313,0.357:222,0.354:405,0.340:748,0.335:328,0.324:257,0.317:
536	258,0.490:286,0.478:294,0.478:288,0.468:100,0.464:300,0.442:127,0.419:237,0.398:7,0.382:313,0.361:
537	748,0.381:257,0.376:9,0.373:118,0.362:742,0.343:245,0.341:546,0.337:282,0.334:125,0.333:144,0.326:
538	286,0.476:288,0.457:300,0.436:1,0.429:7,0.332:313,0.332:222,0.316:748,0.310:302,0.294:328,0.292:
539	294,0.471:181,0.458:288,0.457:300,0.438:100,0.433:1,0.421:121,0.378:174,0.352:237,0.345:313,0.332:
540	288,0.453:127,0.346:174,0.323:237,0.322:313,0.315:748,0.287:56,0.280:302,0.266:172,0.266:328,0.264:
541	286,0.481:294,0.479:288,0.462:100,0.452:300,0.444:127,0.397:237,0.379:7,0.361:117,0.361:313,0.359:
542	258,0.486:294,0.479:286,0.477:300,0.443:174,0.390:117,0.358:7,0.354:313,0.351:222,0.347:98,0.334:
543	50,0.529:258,0.492:181,0.490:294,0.484:286,0.479:288,0.473:100,0.469:1,0.457:300,0.453:121,0.435:
544	50,0.525:181,0.445:100,0.417:1,0.405:121,0.355:127,0.346:174,0.323:237,0.322:117,0.309:7,0.296:
545	294,0.480:286,0.479:288,0.470:100,0.467:300,0.445:127,0.417:237,0.402:7,0.382:56,0.378:313,0.369:
546	1,0.410:127,0.353:174,0.331:237,0.328:117,0.315:748,0.292:405,0.276:172,0.274:302,0.270:328,0.270:
547	50,0.525:286,0.472:288,0.456:181,0.451:300,0.436:100,0.422:1,0.410:121,0.362:127,0.355:174,0.332:
548	174,0.319:172,0.262:269,0.261:289,0.234:204,0.233:210,0.225:173,0.221:111,0.217:168,0.217:69,0.210:
549	286,0.474:294,0.470:300,0.436:174,0.334:313,0.320:117,0.319:7,0.308:222,0.294:56,0.291:172,0.279:
550	286,0.471:100,0.416:127,0.344:174,0.321:117,0.307:7,0.293:56,0.274:302,0.263:172,0.262:269,0.262:
551	1,0.461:151,0.374:269,0.363:257,0.361:173,0.356:289,0.347:275,0.334:191,0.321:323,0.320:301,0.306:
552	174,0.326:313,0.315:56,0.283:172,0.270:98,0.270:302,0.269:328,0.267:269,0.266:204,0.241:289,0.239:
553	258,0.483:286,0.479:294,0.473:288,0.461:300,0.441:121,0.395:127,0.389:237,0.368:117,0.346:313,0.346:
554	258,0.482:300,0.433:127,0.371:313,0.328:748,0.302:269,0.285:302,0.283:257,0.272:210,0.262:168,0.254:
555	286,0.473:294,0.468:300,0.436:1,0.412:127,0.356:174,0.336:237,0.330:313,0.319:222,0.294:56,0.292:
556	50,0.527:258,0.479:181,0.455:300,0.437:100,0.427:1,0.417:121,0.368:174,0.343:237,0.339:117,0.323:
557	258,0.478:286,0.473:181,0.453:100,0.425:1,0.414:121,0.367:174,0.337:237,0.335:313,0.323:117,0.321:
558	50,0.523:258,0.480:294,0.473:288,0.458:181,0.454:300,0.442:1,0.419:121,0.373:127,0.366:174,0.345:
559	50,0.529:258,0.483:286,0.477:181,0.465:288,0.462:100,0.439:1,0.429:121,0.386:237,0.360:117,0.342:
560	286,0.474:294,0.471:300,0.435:174,0.347:237,0.342:117,0.329:313,0.327:748,0.306:56,0.305:172,0.294:
561	294,0.486:288,0.479:300,0.457:127,0.456:237,0.445:313,0.401:257,0.398:269,0.395:328,0.394:118,0.382:
562	258,0.483:294,0.471:288,0.460:100,0.443:300,0.438:121,0.390:237,0.359:117,0.343:7,0.341:313,0.339:
563	258,0.479:286,0.473:288,0.457:300,0.441:100,0.432:1,0.421:121,0.378:127,0.368:174,0.350:313,0.335:
564	286,0.475:294,0.470:288,0.455:100,0.424:1,0.411:174,0.332:237,0.330:7,0.308:748,0.298:222,0.294:
565	50,0.523:258,0.482:286,0.478:294,0.474:181,0.464:288,0.462:300,0.446:100,0.441:1,0.430:121,0.394:
566	258,0.491:286,0.480:294,0.476:1,0.444:300,0.443:174,0.399:237,0.383:313,0.355:222,0.353:748,0.339:
567	258,0.483:294,0.476:286,0.474:288,0.462:300,0.440:121,0.400:237,0.374:117,0.352:313,0.347:222,0.344:
568	50,0.529:258,0.481:294,0.472:181,0.463:288,0.462:300,0.440:1,0.427:121,0.384:174,0.363:237,0.357:
569	181,0.449:127,0.344:174,0.319:313,0.310:56,0.274:98,0.261:172,0.261:269,0.258:204,0.234:289,0.232:
570	50,0.524:294,0.467:181,0.449:300,0.436:100,0.421:1,0.409:121,0.359:127,0.351:174,0.330:237,0.326:
571	50,0.523:258,0.481:286,0.476:294,0.473:288,0.461:300,0.443:100,0.437:1,0.425:121,0.384:127,0.378:
572	50,0.524:258,0.479:294,0.471:288,0.457:181,0.454:1,0.416:127,0.361:174,0.340:237,0.338:313,0.329:
573	294,0.470:181,0.461:288,0.458:300,0.438:100,0.437:1,0.423:121,0.379:313,0.334:117,0.332:7,0.326:
574	50,0.525:294,0.468:181,0.445:1,0.403:121,0.351:127,0.342:174,0.319:237,0.318:313,0.311:117,0.306:
575	258,0.481:286,0.474:288,0.455:300,0.438:100,0.433:1,0.420:121,0.375:174,0.350:237,0.344:313,0.329:
576	258,0.478:286,0.473:288,0.452:300,0.435:121,0.363:127,0.355:174,0.334:313,0.320:117,0.318:748,0.294:
577	258,0.490:286,0.484:288,0.468:300,0.445:127,0.421:222,0.370:748,0.354:269,0.347:257,0.346:328,0.343:
578	50,0.524:286,0.473:181,0.451:100,0.423:1,0.411:121,0.365:127,0.356:174,0.335:237,0.332:117,0.321:
579	181,0.457:300,0.434:121,0.364:127,0.359:174,0.339:237,0.333:313,0.317:117,0.317:222,0.292:405,0.280:
580	127,0.346:174,0.324:237,0.322:313,0.312:117,0.310:56,0.279:172,0.266:302,0.264:98,0.263:328,0.263:
581	258,0.479:286,0.475:294,0.470:288,0.457:300,0.439:1,0.418:121,0.372:174,0.342:237,0.338:313,0.330:
582	286,0.473:127,0.347:174,0.325:56,0.279:98,0.264:172,0.264:302,0.262:204,0.236:289,0.236:9,0.234:
583	50,0.525:294,0.473:181,0.459:288,0.458:300,0.441:1,0.422:121,0.381:127,0.371:174,0.355:237,0.350:
584	286,0.475:294,0.473:288,0.458:300,0.439:100,0.433:1,0.421:121,0.379:127,0.372:174,0.353:237,0.349:
585	50,0.522:258,0.483:294,0.474:288,0.463:181,0.462:300,0.447:100,0.439:1,0.427:121,0.394:127,0.384:
586	258,0.495:294,0.481:286,0.475:100,0.468:1,0.453:300,0.447:7,0.383:313,0.372:98,0.371:748,0.359:
587	50,0.526:181,0.440:100,0.407:1,0.394:121,0.341:127,0.334:174,0.308:237,0.307:117,0.297:7,0.279:
588	300,0.448:127,0.406:405,0.346:748,0.338:328,0.329:269,0.327:302,0.324:257,0.319:9,0.309:276,0.300:
589	50,0.527:181,0.442:100,0.413:1,0.400:121,0.348:127,0.340:174,0.316:237,0.314:117,0.302:7,0.288:
590	50,0.523:258,0.481:294,0.473:288,0.458:181,0.457:300,0.445:1,0.420:121,0.376:174,0.345:313,0.337:
591	50,0.525:258,0.483:294,0.476:181,0.463:288,0.461:1,0.430:121,0.389:174,0.368:313,0.345:117,0.344:
592	300,0.442:210,0.287:111,0.277:275,0.274:25,0.270:82,0.227:228,0.215:496,0.214:186,0.213:153,0.206:
593	258,0.484:294,0.475:300,0.440:127,0.390:7,0.349:222,0.335:748,0.326:269,0.312:328,0.312:302,0.310:
594	258,0.478:294,0.470:288,0.455:300,0.438:1,0.413:121,0.365:174,0.333:313,0.322:117,0.319:7,0.306:
595	286,0.474:300,0.437:1,0.415:174,0.337:313,0.329:117,0.324:7,0.311:56,0.297:405,0.286:172,0.282:
596	100,0.420:1,0.406:121,0.357:127,0.348:174,0.327:237,0.323:117,0.311:7,0.297:748,0.287:56,0.282:
597	258,0.478:288,0.455:100,0.421:121,0.360:174,0.329:237,0.327:313,0.318:117,0.316:7,0.302:222,0.288:
598	50,0.524:294,0.470:288,0.458:181,0.450:100,0.425:1,0.411:121,0.364:127,0.356:174,0.334:237,0.333:
599	50,0.525:258,0.478:286,0.474:181,0.456:300,0.440:100,0.428:121,0.372:127,0.361:174,0.340:313,0.327:
600	258,0.488:294,0.478:286,0.476:288,0.463:100,0.454:1,0.442:300,0.442:121,0.407:237,0.378:117,0.360:
601	286,0.476:300,0.439:1,0.434:237,0.367:117,0.346:7,0.345:313,0.340:748,0.323:328,0.305:269,0.304:
602	258,0.477:286,0.472:288,0.455:100,0.422:174,0.328:313,0.318:7,0.302:222,0.290:56,0.285:405,0.276:
603	258,0.479:286,0.474:300,0.437:1,0.417:121,0.373:127,0.365:237,0.342:117,0.325:405,0.291:98,0.289:
604	50,0.524:258,0.480:286,0.475:294,0.471:181,0.461:300,0.442:1,0.423:121,0.383:174,0.358:237,0.351:
605	50,0.527:258,0.478:181,0.452:313,0.311:7,0.299:222,0.286:56,0.284:748,0.283:172,0.268:328,0.264:
606	286,0.477:300,0.440:328,0.326:269,0.325:302,0.323:9,0.309:289,0.306:318,0.301:276,0.301:275,0.298:
607	50,0.525:258,0.483:286,0.477:294,0.472:181,0.460:288,0.459:300,0.441:1,0.424:127,0.378:237,0.353:
608	258,0.485:181,0.470:1,0.430:121,0.390:237,0.357:117,0.339:7,0.336:313,0.335:222,0.321:748,0.314:
609	50,0.525:286,0.473:181,0.454:300,0.439:100,0.425:121,0.367:127,0.360:174,0.338:237,0.335:117,0.323:
610	258,0.481:286,0.476:181,0.462:300,0.437:100,0.436:121,0.381:174,0.355:237,0.348:222,0.313:748,0.309:
611	50,0.524:258,0.477:294,0.469:181,0.447:100,0.419:1,0.407:121,0.358:127,0.351:174,0.328:237,0.324:
612	50,0.525:258,0.478:286,0.474:294,0.472:288,0.456:181,0.455:121,0.370:174,0.340:313,0.328:222,0.303:
613	286,0.474:294,0.470:288,0.458:181,0.458:300,0.442:100,0.432:121,0.377:174,0.352:237,0.349:313,0.336:
614	50,0.525:258,0.477:181,0.454:300,0.436:127,0.357:174,0.336:313,0.324:748,0.300:222,0.298:56,0.296:
615	50,0.528:258,0.484:181,0.462:288,0.459:1,0.423:121,0.379:174,0.358:117,0.333:313,0.333:7,0.322:
616	50,0.526:294,0.468:181,0.443:100,0.415:1,0.402:121,0.350:127,0.343:174,0.317:237,0.316:117,0.306:
617	50,0.525:258,0.480:286,0.476:181,0.466:300,0.442:1,0.427:121,0.390:127,0.383:237,0.362:117,0.343:
618	258,0.492:294,0.482:286,0.481:300,0.449:222,0.381:405,0.368:748,0.358:269,0.353:328,0.353:257,0.350:
619	286,0.472:100,0.432:1,0.419:237,0.340:7,0.315:222,0.306:748,0.302:98,0.292:172,0.291:269,0.284:
620	258,0.483:286,0.475:127,0.369:117,0.331:56,0.310:748,0.309:222,0.308:405,0.297:302,0.288:328,0.286:
621	258,0.487:294,0.481:286,0.475:288,0.471:127,0.401:237,0.386:56,0.362:98,0.351:269,0.339:328,0.336:
622	258,0.493:286,0.482:288,0.469:300,0.452:237,0.407:313,0.371:151,0.361:748,0.359:269,0.354:328,0.351:
623	294,0.471:300,0.436:100,0.430:1,0.419:174,0.348:237,0.341:313,0.328:117,0.328:7,0.317:56,0.305:
624	174,0.310:222,0.272:56,0.264:172,0.250:98,0.249:151,0.230:289,0.224:204,0.222:9,0.221:118,0.213:
625	288,0.458:1,0.425:127,0.376:237,0.353:117,0.335:313,0.331:7,0.329:56,0.319:98,0.304:302,0.293:
626	50,0.525:181,0.447:300,0.434:100,0.418:1,0.406:121,0.356:127,0.347:174,0.326:237,0.324:117,0.311:
627	50,0.525:181,0.486:294,0.482:286,0.477:1,0.456:127,0.420:222,0.373:98,0.371:313,0.367:748,0.356:
628	50,0.524:286,0.472:181,0.451:100,0.424:1,0.412:121,0.365:127,0.356:174,0.334:237,0.332:313,0.321:
629	181,0.457:1,0.415:121,0.363:237,0.330:313,0.315:222,0.291:748,0.288:405,0.278:302,0.269:151,0.256:
630	286,0.473:313,0.321:748,0.296:56,0.294:405,0.282:328,0.276:269,0.276:302,0.275:151,0.259:204,0.255:
631	50,0.524:258,0.476:181,0.450:300,0.437:100,0.422:1,0.411:121,0.364:127,0.356:174,0.335:237,0.332:
632	286,0.476:294,0.475:300,0.440:121,0.404:127,0.392:117,0.354:313,0.343:222,0.342:748,0.328:405,0.327:
633	258,0.483:286,0.476:294,0.472:181,0.461:100,0.436:1,0.422:127,0.372:174,0.357:313,0.333:7,0.326:
634	181,0.448:174,0.316:56,0.276:172,0.261:98,0.260:328,0.257:151,0.240:257,0.239:204,0.232:289,0.231:
635	50,0.526:258,0.478:286,0.472:288,0.455:181,0.449:100,0.420:121,0.358:127,0.351:174,0.327:313,0.316:
636	50,0.525:286,0.474:294,0.471:288,0.458:181,0.454:300,0.440:127,0.363:174,0.341:237,0.339:117,0.327:
637	258,0.477:288,0.454:174,0.320:313,0.313:748,0.287:222,0.282:56,0.281:172,0.265:98,0.265:302,0.265:
638	258,0.484:286,0.476:294,0.473:288,0.461:300,0.439:1,0.431:237,0.359:7,0.339:313,0.337:56,0.329:
639	50,0.527:258,0.485:294,0.480:181,0.470:288,0.461:1,0.440:121,0.404:127,0.398:117,0.359:7,0.353:
640	50,0.524:258,0.487:294,0.482:286,0.478:181,0.474:288,0.466:100,0.451:300,0.447:1,0.442:121,0.405:
641	286,0.475:294,0.473:181,0.462:288,0.459:300,0.442:100,0.432:1,0.425:121,0.381:127,0.373:174,0.357:
642	286,0.484:100,0.478:300,0.455:127,0.445:7,0.422:222,0.412:98,0.412:269,0.389:328,0.388:79,0.386:
643	258,0.492:294,0.483:286,0.477:300,0.446:237,0.411:222,0.385:313,0.373:151,0.362:748,0.359:328,0.354:
644	286,0.472:288,0.453:1,0.405:174,0.322:313,0.314:7,0.295:222,0.285:56,0.278:405,0.269:302,0.266:
645	294,0.478:100,0.452:300,0.442:1,0.437:121,0.401:127,0.394:237,0.379:117,0.354:7,0.352:313,0.344:
646	50,0.526:181,0.446:100,0.416:1,0.404:121,0.355:127,0.347:174,0.323:237,0.320:117,0.309:7,0.295:
647	50,0.525:258,0.483:286,0.476:181,0.461:288,0.461:100,0.434:1,0.426:127,0.373:313,0.336:7,0.328:
648	258,0.492:100,0.473:300,0.450:237,0.419:313,0.382:328,0.365:269,0.365:257,0.362:302,0.360:289,0.348:
649	258,0.479:286,0.474:294,0.474:288,0.458:300,0.439:100,0.431:174,0.346:237,0.344:313,0.334:7,0.320:
650	300,0.445:237,0.422:405,0.383:748,0.363:328,0.359:302,0.354:9,0.349:318,0.348:289,0.347:276,0.340:
651	50,0.525:258,0.478:288,0.457:181,0.451:300,0.437:100,0.424:1,0.413:121,0.364:174,0.334:237,0.331:
652	50,0.523:258,0.477:181,0.449:100,0.422:1,0.409:121,0.362:127,0.353:174,0.330:237,0.329:313,0.321:
653	288,0.468:269,0.357:173,0.353:302,0.351:289,0.342:9,0.342:276,0.338:275,0.329:25,0.328:268,0.320:
654	286,0.474:127,0.369:7,0.322:328,0.283:9,0.259:289,0.258:333,0.244:96,0.229:323,0.226:245,0.222:
655	168,0.448:151,0.444:173,0.440:748,0.432:546,0.413:323,0.411:95,0.410:245,0.410:71,0.409:496,0.407:
656	50,0.525:258,0.477:294,0.470:288,0.457:181,0.450:100,0.424:1,0.412:121,0.366:127,0.357:174,0.335:
657	50,0.526:288,0.455:181,0.450:100,0.423:121,0.360:127,0.351:174,0.329:237,0.326:313,0.317:748,0.291:
658	258,0.482:286,0.477:294,0.469:288,0.460:300,0.442:121,0.384:174,0.358:237,0.353:313,0.336:222,0.316:
659	286,0.481:100,0.464:288,0.463:1,0.453:300,0.443:237,0.402:117,0.374:222,0.372:405,0.358:748,0.353:
660	258,0.493:286,0.476:288,0.470:300,0.444:127,0.419:237,0.401:269,0.342:302,0.340:9,0.328:69,0.325:
661	286,0.477:288,0.456:100,0.444:127,0.381:7,0.333:56,0.324:748,0.314:405,0.312:98,0.312:328,0.296:
662	258,0.480:294,0.471:288,0.458:181,0.456:300,0.440:1,0.419:121,0.374:127,0.366:174,0.347:237,0.343:
663	222,0.285:172,0.268:302,0.263:269,0.259:257,0.243:204,0.238:118,0.226:79,0.220:168,0.219:275,0.218:
664	258,0.489:294,0.477:181,0.476:288,0.460:300,0.440:117,0.357:313,0.348:405,0.333:748,0.328:204,0.321:
665	258,0.481:288,0.457:300,0.435:174,0.351:302,0.284:269,0.280:204,0.270:289,0.260:173,0.255:118,0.252:
666	1,0.445:117,0.356:313,0.346:748,0.327:328,0.318:9,0.301:289,0.298:276,0.290:275,0.287:15,0.286:
667	50,0.525:258,0.482:286,0.475:294,0.471:181,0.460:288,0.460:300,0.440:100,0.435:1,0.422:121,0.381:
668	181,0.449:100,0.420:1,0.408:121,0.358:127,0.349:174,0.328:237,0.322:313,0.315:117,0.313:7,0.299:
669	286,0.474:294,0.469:288,0.455:100,0.427:237,0.332:748,0.289:405,0.277:98,0.275:328,0.268:204,0.251:
670	50,0.526:258,0.484:286,0.477:294,0.473:181,0.466:288,0.461:300,0.443:100,0.442:1,0.430:121,0.393:
671	294,0.477:286,0.476:100,0.452:300,0.445:1,0.438:127,0.396:313,0.355:269,0.324:328,0.322:302,0.320:
672	258,0.479:286,0.474:294,0.471:288,0.457:300,0.439:100,0.430:1,0.418:121,0.373:174,0.343:313,0.330:
673	50,0.527:181,0.445:100,0.417:1,0.403:121,0.352:127,0.343:174,0.320:237,0.318:117,0.305:7,0.290:
674	258,0.476:286,0.472:100,0.419:174,0.321:237,0.320:7,0.295:748,0.284:56,0.278:172,0.263:98,0.263:
675	50,0.523:294,0.471:288,0.458:181,0.454:300,0.441:100,0.430:1,0.417:121,0.374:127,0.367:174,0.349:
676	121,0.349:127,0.339:237,0.314:7,0.286:56,0.270:405,0.258:98,0.254:151,0.234:204,0.228:289,0.227:
677	50,0.527:258,0.477:181,0.448:100,0.421:121,0.360:127,0.351:174,0.329:313,0.316:56,0.285:98,0.271:
678	258,0.477:286,0.473:294,0.471:288,0.455:121,0.366:174,0.334:313,0.322:748,0.296:56,0.292:405,0.281:
679	258,0.479:300,0.435:127,0.363:237,0.340:117,0.325:313,0.323:7,0.316:405,0.290:98,0.288:302,0.280:
680	258,0.477:288,0.456:181,0.452:300,0.436:127,0.355:174,0.334:237,0.330:313,0.320:748,0.294:222,0.293:
681	50,0.524:181,0.450:300,0.437:100,0.423:1,0.411:121,0.363:127,0.355:174,0.334:237,0.331:313,0.322:
682	286,0.480:313,0.412:269,0.402:302,0.393:289,0.386:118,0.384:275,0.379:483,0.354:496,0.354:132,0.352:
683	50,0.526:181,0.444:100,0.412:1,0.400:121,0.345:174,0.314:237,0.312:117,0.299:7,0.285:222,0.275:
684	258,0.485:286,0.478:294,0.476:288,0.461:300,0.443:127,0.387:174,0.374:313,0.346:7,0.343:56,0.334:
685	50,0.525:258,0.479:294,0.469:181,0.452:300,0.439:100,0.427:1,0.414:121,0.367:127,0.359:174,0.338:
686	258,0.484:286,0.477:294,0.474:288,0.460:100,0.443:300,0.440:1,0.431:121,0.390:237,0.362:117,0.345:
687	50,0.525:258,0.478:181,0.448:100,0.420:1,0.407:121,0.358:127,0.348:174,0.328:237,0.326:117,0.313:
688	50,0.524:258,0.479:286,0.474:294,0.472:181,0.453:300,0.439:100,0.429:1,0.416:121,0.373:127,0.365:
689	286,0.473:294,0.470:288,0.455:100,0.422:127,0.352:174,0.331:313,0.321:56,0.289:172,0.276:98,0.275:
690	50,0.526:258,0.488:181,0.477:286,0.475:288,0.463:100,0.450:300,0.446:117,0.361:7,0.361:313,0.355:
691	258,0.479:286,0.474:288,0.459:181,0.458:300,0.440:100,0.432:121,0.378:127,0.369:174,0.352:237,0.348:
692	50,0.525:258,0.479:286,0.473:181,0.457:288,0.455:121,0.372:174,0.342:237,0.337:313,0.326:117,0.325:
693	286,0.479:294,0.475:100,0.452:1,0.437:237,0.376:405,0.331:748,0.327:328,0.318:269,0.316:151,0.316:
694	258,0.487:286,0.479:294,0.477:288,0.463:1,0.445:117,0.362:7,0.360:56,0.358:222,0.354:313,0.352:
695	50,0.526:258,0.478:294,0.468:181,0.448:100,0.418:1,0.407:121,0.355:127,0.348:174,0.325:237,0.323:
696	50,0.523:258,0.478:294,0.470:288,0.459:181,0.453:300,0.440:100,0.424:1,0.416:121,0.368:127,0.362:
697	258,0.475:100,0.414:174,0.316:313,0.311:117,0.309:56,0.274:405,0.266:269,0.261:98,0.260:172,0.260:
698	286,0.474:288,0.456:237,0.357:117,0.334:7,0.334:313,0.329:56,0.322:748,0.310:98,0.307:405,0.305:
699	174,0.323:237,0.319:313,0.314:56,0.279:172,0.263:302,0.263:257,0.243:204,0.237:289,0.235:210,0.227:
700	258,0.481:286,0.477:294,0.471:288,0.459:300,0.439:100,0.435:1,0.423:121,0.381:127,0.372:237,0.349:
701	258,0.477:294,0.468:288,0.453:181,0.447:121,0.354:174,0.321:117,0.309:7,0.296:748,0.287:222,0.282:
702	50,0.525:286,0.473:181,0.450:100,0.423:1,0.411:121,0.363:127,0.356:174,0.334:237,0.331:117,0.319:
703	286,0.472:174,0.320:313,0.310:56,0.276:405,0.264:172,0.262:98,0.262:302,0.261:269,0.259:151,0.241:
704	258,0.481:294,0.471:181,0.462:288,0.455:1,0.422:121,0.382:127,0.373:174,0.358:237,0.349:313,0.333:
705	258,0.485:294,0.477:288,0.462:100,0.450:127,0.391:237,0.370:7,0.351:313,0.345:56,0.342:98,0.328:
706	286,0.472:300,0.434:121,0.360:127,0.351:174,0.329:313,0.316:748,0.290:222,0.288:56,0.285:405,0.275:
707	50,0.527:258,0.490:181,0.476:288,0.468:300,0.451:1,0.450:121,0.422:127,0.417:237,0.404:117,0.381:
708	286,0.472:288,0.450:100,0.416:174,0.316:7,0.289:56,0.272:172,0.259:302,0.259:98,0.258:257,0.237:
709	258,0.488:286,0.476:100,0.457:300,0.445:237,0.382:313,0.355:222,0.352:748,0.340:328,0.328:269,0.326:
710	288,0.452:121,0.361:237,0.327:117,0.311:7,0.302:748,0.290:222,0.288:98,0.277:405,0.275:328,0.266:
711	294,0.486:100,0.466:1,0.457:300,0.446:127,0.424:174,0.420:237,0.405:7,0.389:56,0.384:117,0.383:
712	258,0.486:286,0.482:288,0.471:100,0.469:1,0.458:300,0.451:121,0.439:127,0.431:237,0.414:117,0.398:
713	50,0.524:258,0.477:294,0.470:288,0.456:181,0.450:100,0.424:1,0.412:121,0.365:127,0.358:174,0.336:
714	286,0.473:288,0.453:127,0.350:174,0.327:313,0.317:222,0.290:56,0.285:172,0.271:302,0.271:98,0.270:
715	258,0.488:294,0.482:286,0.479:300,0.446:127,0.413:313,0.369:748,0.348:269,0.344:328,0.342:151,0.342:
716	258,0.493:286,0.483:100,0.477:288,0.467:7,0.407:313,0.381:748,0.366:328,0.366:269,0.363:302,0.360:
717	181,0.447:1,0.402:174,0.312:56,0.268:172,0.255:98,0.253:257,0.234:151,0.232:9,0.225:204,0.224:
718	50,0.525:258,0.479:286,0.476:294,0.472:288,0.457:181,0.456:100,0.430:1,0.419:127,0.367:174,0.346:
719	258,0.482:286,0.476:181,0.461:288,0.457:100,0.438:1,0.428:174,0.359:117,0.337:313,0.337:56,0.319:
720	50,0.524:294,0.469:288,0.457:181,0.451:300,0.437:100,0.422:1,0.412:121,0.365:127,0.355:174,0.335:
721	100,0.426:121,0.361:117,0.312:313,0.310:7,0.298:405,0.273:98,0.269:151,0.248:257,0.246:9,0.236:
722	50,0.526:258,0.478:288,0.456:181,0.453:1,0.412:127,0.354:174,0.332:313,0.322:222,0.295:56,0.290:
723	294,0.468:288,0.459:181,0.454:300,0.438:100,0.426:121,0.368:127,0.361:237,0.338:313,0.326:117,0.323:
724	50,0.525:181,0.438:100,0.409:1,0.396:121,0.342:127,0.336:174,0.309:237,0.307:117,0.298:7,0.281:
725	50,0.524:1,0.404:121,0.353:127,0.345:174,0.321:237,0.319:313,0.312:117,0.308:7,0.292:222,0.282:
726	50,0.524:258,0.480:286,0.474:288,0.460:181,0.456:300,0.442:100,0.432:121,0.378:127,0.370:174,0.350:
727	286,0.478:288,0.477:300,0.452:237,0.429:313,0.395:151,0.394:269,0.385:302,0.379:318,0.372:9,0.371:
728	50,0.525:258,0.478:294,0.471:288,0.456:181,0.453:300,0.438:1,0.414:121,0.367:127,0.359:174,0.336:
729	50,0.524:258,0.478:286,0.474:181,0.450:100,0.421:1,0.411:121,0.362:127,0.356:174,0.333:237,0.333:
730	286,0.471:288,0.454:127,0.344:174,0.322:313,0.310:222,0.282:56,0.277:405,0.267:98,0.264:302,0.263:
731	50,0.529:258,0.483:286,0.478:294,0.474:181,0.468:288,0.462:100,0.445:300,0.442:121,0.396:174,0.376:
732	50,0.526:258,0.477:181,0.448:100,0.423:1,0.409:121,0.361:127,0.354:174,0.331:237,0.328:313,0.318:
733	50,0.522:181,0.453:300,0.442:174,0.336:313,0.332:748,0.306:222,0.301:56,0.301:172,0.287:269,0.286:
734	258,0.481:286,0.477:181,0.462:300,0.438:100,0.437:1,0.422:127,0.374:237,0.352:117,0.332:7,0.328:
735	294,0.467:121,0.348:174,0.314:313,0.306:222,0.274:56,0.269:405,0.259:172,0.256:302,0.255:98,0.254:
736	258,0.480:288,0.457:300,0.437:100,0.427:1,0.416:121,0.368:174,0.341:237,0.338:313,0.329:117,0.327:
737	50,0.526:286,0.477:294,0.472:181,0.462:288,0.460:300,0.441:1,0.426:121,0.381:237,0.352:313,0.339:
738	294,0.479:286,0.476:288,0.461:300,0.441:237,0.375:748,0.329:328,0.317:302,0.313:289,0.296:9,0.295:
739	258,0.479:294,0.469:181,0.457:300,0.437:1,0.418:121,0.372:127,0.365:174,0.347:237,0.341:117,0.327:
740	50,0.526:181,0.447:100,0.420:1,0.406:121,0.356:127,0.346:174,0.325:237,0.322:313,0.313:117,0.309:
741	258,0.486:294,0.478:286,0.478:100,0.451:300,0.440:1,0.435:127,0.393:237,0.371:117,0.355:222,0.336:
742	286,0.473:288,0.454:300,0.436:121,0.366:174,0.335:313,0.321:748,0.295:56,0.292:405,0.282:172,0.279:
743	50,0.526:1,0.401:121,0.349:127,0.340:174,0.316:237,0.314:313,0.306:117,0.301:7,0.287:56,0.271:
744	258,0.479:286,0.474:294,0.471:288,0.459:181,0.457:300,0.439:100,0.432:121,0.375:313,0.332:117,0.330:
745	294,0.469:288,0.456:300,0.434:121,0.369:237,0.336:117,0.320:313,0.319:56,0.298:748,0.298:172,0.287:
746	258,0.484:286,0.476:294,0.475:288,0.460:100,0.447:300,0.440:237,0.366:7,0.343:313,0.341:98,0.322:
747	294,0.477:300,0.440:121,0.420:237,0.395:405,0.354:748,0.344:151,0.341:328,0.339:257,0.330:289,0.322:
748	294,0.474:288,0.455:100,0.439:121,0.379:127,0.373:117,0.327:313,0.325:98,0.299:405,0.295:269,0.282:
749	286,0.481:288,0.469:7,0.399:313,0.381:269,0.370:302,0.361:289,0.353:318,0.353:276,0.347:275,0.341:
750	50,0.525:181,0.446:100,0.416:1,0.405:121,0.354:127,0.346:174,0.323:237,0.321:313,0.314:117,0.310:
751	258,0.487:294,0.480:286,0.479:288,0.463:127,0.401:222,0.344:328,0.320:151,0.316:9,0.300:289,0.299:
752	50,0.525:181,0.441:100,0.410:1,0.399:121,0.344:127,0.337:174,0.312:237,0.311:117,0.301:7,0.285:
753	258,0.480:288,0.455:100,0.427:1,0.416:121,0.367:127,0.359:237,0.336:117,0.319:7,0.310:222,0.298:
754	50,0.524:258,0.480:294,0.472:288,0.458:181,0.456:300,0.440:100,0.430:1,0.418:121,0.374:174,0.343:
755	50,0.525:181,0.444:100,0.417:1,0.402:121,0.351:127,0.342:237,0.318:174,0.317:313,0.309:117,0.305:
756	286,0.477:294,0.474:288,0.461:127,0.386:174,0.374:237,0.367:313,0.344:7,0.342:56,0.332:748,0.322:
757	294,0.478:286,0.477:300,0.441:127,0.398:237,0.381:748,0.335:269,0.321:302,0.316:9,0.299:289,0.298:
758	1,0.459:9,0.344:15,0.331:275,0.327:111,0.327:318,0.325:333,0.324:22,0.319:423,0.317:268,0.310:
759	286,0.473:288,0.454:100,0.421:174,0.326:313,0.316:7,0.300:56,0.282:98,0.270:172,0.270:302,0.268:
760	286,0.475:294,0.471:100,0.431:1,0.417:121,0.373:127,0.366:174,0.346:117,0.327:313,0.326:7,0.315:
761	286,0.472:300,0.437:100,0.420:121,0.362:174,0.329:313,0.316:56,0.285:405,0.276:302,0.273:172,0.273:
762	50,0.525:258,0.480:294,0.472:288,0.460:181,0.458:300,0.441:100,0.433:1,0.421:121,0.377:127,0.371:
763	294,0.479:181,0.475:288,0.463:300,0.441:121,0.401:117,0.359:7,0.355:313,0.351:172,0.332:748,0.330:
764	258,0.480:181,0.461:288,0.457:300,0.437:127,0.369:313,0.331:748,0.305:172,0.297:328,0.288:302,0.287:
765	258,0.478:294,0.471:288,0.458:181,0.456:300,0.440:100,0.429:1,0.418:121,0.373:174,0.344:313,0.331:
766	258,0.489:286,0.483:288,0.470:100,0.467:1,0.457:300,0.447:121,0.430:237,0.411:7,0.389:56,0.389:
767	50,0.525:258,0.480:286,0.476:294,0.473:181,0.461:288,0.458:121,0.381:127,0.374:174,0.356:237,0.351:
768	258,0.477:286,0.472:294,0.470:181,0.452:174,0.326:7,0.299:748,0.290:56,0.284:302,0.270:172,0.269:
769	50,0.525:286,0.476:294,0.471:288,0.459:181,0.458:300,0.442:100,0.430:127,0.367:174,0.347:313,0.334:
770	286,0.471:121,0.351:127,0.341:174,0.316:237,0.316:313,0.308:56,0.271:405,0.262:172,0.258:269,0.257:
771	288,0.456:300,0.436:100,0.429:121,0.370:127,0.363:174,0.344:117,0.323:7,0.315:56,0.300:748,0.299:
772	50,0.526:286,0.471:181,0.446:100,0.417:1,0.404:121,0.355:127,0.346:174,0.322:237,0.322:117,0.309:
773	294,0.474:300,0.445:237,0.376:117,0.359:313,0.352:222,0.343:748,0.335:405,0.333:328,0.321:269,0.318:
774	286,0.475:288,0.470:1,0.458:237,0.410:313,0.373:151,0.361:748,0.358:328,0.356:257,0.352:269,0.351:
775	50,0.524:294,0.469:288,0.457:181,0.449:100,0.421:1,0.410:121,0.361:127,0.353:174,0.330:237,0.330:
776	258,0.484:286,0.477:294,0.473:288,0.463:100,0.445:300,0.439:1,0.436:121,0.399:237,0.369:117,0.351:
777	50,0.526:258,0.479:294,0.471:181,0.458:300,0.438:121,0.373:174,0.346:237,0.340:313,0.327:7,0.315:
778	50,0.528:258,0.487:294,0.476:286,0.476:181,0.471:288,0.464:100,0.448:300,0.444:1,0.436:127,0.391:
779	286,0.473:288,0.453:100,0.424:127,0.355:174,0.332:237,0.330:313,0.321:748,0.296:56,0.290:405,0.279:
780	258,0.480:181,0.459:288,0.457:100,0.434:1,0.423:121,0.377:127,0.370:237,0.348:117,0.330:7,0.325:
781	300,0.432:1,0.411:121,0.362:237,0.327:313,0.313:117,0.313:7,0.302:222,0.290:748,0.288:405,0.276:
782	100,0.414:1,0.402:121,0.348:174,0.321:237,0.319:117,0.313:7,0.295:222,0.286:56,0.272:405,0.270:
783	50,0.524:181,0.449:100,0.422:1,0.409:121,0.361:127,0.352:174,0.330:237,0.327:313,0.319:117,0.317:
784	50,0.526:294,0.468:288,0.455:181,0.445:100,0.416:1,0.404:121,0.352:127,0.343:174,0.320:237,0.320:
785	258,0.479:286,0.474:181,0.456:300,0.438:100,0.429:121,0.370:127,0.363:237,0.337:117,0.325:313,0.325:
786	258,0.482:294,0.474:288,0.457:300,0.438:313,0.331:56,0.327:748,0.309:328,0.295:302,0.293:269,0.293:
787	50,0.525:181,0.443:100,0.415:1,0.400:121,0.351:127,0.341:174,0.318:237,0.317:117,0.304:7,0.289:
788	50,0.529:181,0.490:288,0.467:127,0.418:313,0.367:269,0.347:210,0.344:173,0.340:168,0.340:257,0.338:
789	258,0.477:300,0.436:121,0.365:174,0.335:237,0.332:313,0.323:117,0.321:7,0.309:222,0.298:748,0.297:
790	286,0.479:300,0.449:127,0.415:313,0.372:204,0.349:302,0.345:257,0.345:9,0.328:289,0.327:276,0.322:
791	258,0.475:100,0.417:1,0.404:121,0.352:127,0.343:174,0.320:237,0.318:313,0.310:117,0.305:7,0.291:
792	50,0.524:258,0.477:286,0.477:294,0.473:181,0.459:288,0.457:300,0.442:127,0.370:174,0.347:313,0.336:
793	258,0.478:286,0.473:300,0.438:174,0.340:313,0.329:748,0.303:56,0.302:98,0.287:172,0.286:328,0.284:
794	258,0.479:294,0.471:288,0.457:300,0.439:121,0.369:174,0.340:237,0.337:313,0.328:117,0.326:7,0.313:
795	258,0.489:286,0.483:294,0.482:288,0.472:300,0.449:127,0.416:237,0.400:56,0.381:313,0.374:98,0.367:
796	288,0.473:7,0.405:302,0.364:289,0.349:276,0.349:25,0.343:268,0.330:135,0.310:475,0.309:471,0.309:
797	258,0.477:288,0.454:100,0.423:1,0.409:121,0.362:174,0.330:237,0.328:313,0.319:117,0.316:7,0.303:
798	286,0.484:294,0.480:288,0.467:100,0.463:300,0.449:127,0.423:237,0.406:7,0.391:117,0.388:56,0.382:
799	294,0.468:288,0.456:181,0.452:300,0.437:100,0.426:1,0.414:121,0.368:237,0.335:313,0.326:117,0.321:
800	258,0.477:286,0.473:288,0.453:100,0.422:174,0.328:313,0.319:117,0.316:7,0.304:748,0.292:56,0.286:
801	50,0.523:258,0.476:286,0.472:181,0.450:100,0.421:1,0.409:121,0.360:127,0.353:174,0.331:237,0.327:
802	50,0.526:181,0.456:100,0.429:1,0.413:121,0.371:127,0.360:174,0.343:237,0.340:117,0.324:313,0.323:
803	50,0.525:258,0.477:294,0.468:288,0.457:181,0.448:100,0.421:1,0.409:121,0.361:127,0.352:174,0.330:
804	258,0.499:286,0.481:300,0.451:117,0.408:313,0.392:269,0.379:302,0.376:9,0.368:289,0.365:276,0.364:
805	286,0.478:300,0.449:237,0.410:313,0.374:257,0.356:302,0.356:328,0.348:69,0.338:289,0.337:15,0.336:
806	294,0.477:300,0.437:7,0.339:313,0.336:748,0.315:269,0.301:328,0.300:151,0.293:289,0.277:9,0.277:
807	294,0.479:286,0.478:288,0.466:100,0.460:237,0.395:7,0.374:56,0.368:98,0.356:269,0.333:328,0.333:
808	50,0.523:258,0.476:181,0.449:100,0.420:1,0.409:121,0.360:127,0.350:174,0.328:237,0.327:117,0.315:
809	50,0.526:294,0.469:288,0.455:181,0.449:100,0.420:1,0.408:121,0.359:127,0.350:174,0.328:237,0.327:
810	50,0.525:258,0.477:181,0.446:100,0.418:1,0.406:121,0.355:127,0.349:174,0.324:237,0.323:117,0.312:
811	50,0.525:288,0.456:181,0.449:100,0.422:1,0.409:121,0.360:127,0.352:174,0.330:237,0.329:313,0.319:
812	50,0.524:258,0.477:181,0.449:100,0.420:1,0.408:121,0.359:127,0.350:174,0.327:237,0.325:313,0.317:
813	50,0.524:258,0.477:286,0.473:288,0.458:181,0.450:100,0.425:1,0.414:121,0.367:127,0.358:174,0.337:
814	50,0.523:258,0.479:286,0.476:294,0.473:181,0.461:300,0.443:1,0.425:121,0.386:127,0.377:174,0.362:
815	294,0.482:286,0.478:288,0.466:100,0.464:300,0.438:237,0.395:56,0.370:748,0.342:269,0.333:328,0.332:
816	50,0.525:286,0.473:181,0.449:100,0.423:1,0.410:121,0.363:127,0.354:174,0.332:237,0.328:117,0.317:
817	50,0.525:286,0.472:181,0.451:100,0.421:127,0.352:174,0.330:237,0.327:313,0.317:56,0.286:172,0.273:
818	50,0.525:294,0.468:181,0.449:100,0.421:1,0.408:121,0.361:127,0.351:174,0.330:237,0.327:117,0.315:
819	50,0.524:294,0.470:288,0.457:181,0.454:100,0.426:1,0.414:121,0.368:127,0.359:174,0.340:237,0.337:
820	50,0.524:294,0.468:181,0.450:300,0.436:100,0.421:1,0.410:121,0.361:127,0.353:174,0.332:237,0.329:
821	50,0.528:258,0.481:286,0.475:288,0.456:300,0.439:127,0.366:313,0.329:7,0.320:222,0.307:748,0.305:
822	50,0.524:258,0.480:286,0.476:294,0.471:288,0.462:181,0.460:300,0.444:100,0.432:121,0.381:127,0.374:
823	258,0.490:288,0.467:300,0.445:121,0.420:117,0.375:313,0.359:405,0.355:748,0.345:328,0.337:257,0.336:
824	50,0.525:258,0.478:181,0.450:300,0.436:100,0.423:1,0.410:121,0.363:127,0.354:174,0.333:237,0.331:
825	300,0.438:1,0.416:313,0.325:56,0.294:172,0.280:302,0.280:269,0.278:328,0.278:151,0.260:204,0.251:
826	286,0.475:100,0.450:300,0.438:121,0.398:237,0.372:117,0.350:7,0.348:222,0.336:98,0.330:405,0.324:
827	50,0.525:181,0.445:100,0.416:1,0.403:121,0.352:127,0.344:174,0.320:237,0.319:117,0.307:7,0.292:
828	50,0.523:258,0.479:294,0.473:181,0.455:300,0.440:100,0.432:1,0.421:121,0.378:127,0.373:174,0.354:
829	50,0.526:181,0.455:288,0.454:300,0.440:121,0.372:127,0.361:174,0.340:117,0.323:7,0.311:748,0.301:
830	258,0.482:286,0.478:300,0.439:121,0.392:237,0.363:117,0.343:7,0.341:748,0.316:405,0.315:328,0.304:
831	286,0.471:121,0.353:127,0.341:222,0.278:405,0.263:172,0.261:98,0.261:302,0.260:269,0.259:151,0.240:
832	300,0.434:100,0.419:1,0.406:121,0.357:127,0.348:174,0.325:237,0.324:117,0.312:7,0.297:222,0.285:
833	258,0.491:294,0.485:286,0.477:1,0.463:300,0.454:237,0.419:222,0.397:117,0.396:313,0.383:748,0.370:
834	1,0.400:121,0.347:174,0.312:748,0.274:222,0.270:56,0.266:302,0.252:172,0.252:98,0.251:328,0.251:
835	258,0.482:181,0.462:100,0.439:300,0.438:121,0.385:117,0.336:7,0.329:222,0.319:56,0.319:748,0.311:
836	50,0.529:294,0.471:181,0.453:300,0.437:100,0.430:1,0.417:121,0.371:127,0.363:237,0.338:313,0.324:
837	50,0.525:288,0.456:300,0.438:100,0.425:1,0.413:121,0.369:127,0.356:174,0.336:313,0.325:117,0.322:
838	294,0.470:288,0.456:237,0.336:117,0.317:98,0.282:269,0.274:328,0.274:151,0.261:118,0.242:79,0.239:
839	294,0.468:288,0.455:300,0.437:174,0.331:313,0.320:748,0.294:222,0.292:56,0.289:405,0.278:172,0.277:
840	258,0.490:286,0.481:294,0.476:288,0.462:1,0.450:237,0.393:222,0.359:313,0.358:748,0.341:151,0.337:
841	50,0.526:294,0.470:181,0.447:100,0.418:1,0.405:121,0.357:127,0.348:174,0.325:237,0.323:117,0.312:
842	50,0.523:286,0.474:294,0.469:181,0.451:300,0.438:100,0.423:1,0.411:121,0.365:127,0.356:174,0.336:
843	286,0.481:294,0.481:100,0.468:237,0.397:117,0.369:313,0.360:405,0.353:748,0.347:328,0.333:269,0.333:
844	286,0.477:288,0.457:1,0.423:127,0.369:237,0.348:313,0.330:748,0.310:98,0.300:269,0.289:302,0.289:
845	50,0.523:258,0.478:294,0.472:288,0.458:181,0.451:300,0.441:100,0.424:1,0.413:121,0.368:127,0.359:
846	100,0.498:286,0.485:1,0.484:121,0.483:237,0.466:300,0.462:7,0.452:222,0.448:405,0.445:151,0.444:
847	286,0.476:294,0.473:100,0.448:300,0.439:127,0.393:237,0.373:313,0.342:748,0.331:328,0.313:302,0.312:
848	258,0.489:286,0.477:288,0.462:100,0.458:1,0.445:300,0.443:237,0.388:7,0.368:117,0.368:56,0.360:
849	50,0.525:258,0.481:286,0.476:294,0.472:181,0.460:300,0.442:100,0.435:1,0.423:127,0.376:237,0.352:
850	258,0.480:286,0.476:288,0.456:100,0.436:1,0.424:127,0.373:237,0.348:117,0.330:313,0.329:7,0.327:
851	294,0.477:181,0.470:288,0.466:300,0.452:100,0.441:1,0.434:237,0.366:117,0.356:7,0.346:222,0.340:
852	258,0.479:286,0.473:294,0.469:288,0.458:300,0.438:174,0.343:237,0.340:313,0.329:748,0.304:222,0.303:
853	50,0.526:181,0.445:100,0.414:1,0.402:121,0.350:127,0.341:174,0.318:237,0.315:313,0.309:117,0.305:
854	181,0.468:300,0.438:313,0.337:748,0.316:172,0.313:204,0.287:210,0.276:276,0.265:245,0.244:323,0.243:
855	50,0.525:258,0.482:286,0.478:294,0.473:181,0.463:288,0.462:300,0.445:100,0.439:1,0.428:121,0.389:
856	50,0.526:288,0.455:181,0.447:100,0.418:1,0.406:121,0.356:127,0.346:174,0.325:237,0.324:117,0.312:
857	50,0.524:286,0.474:288,0.457:181,0.454:100,0.427:1,0.415:121,0.371:127,0.361:174,0.341:237,0.338:
858	50,0.526:258,0.479:294,0.470:288,0.456:300,0.437:1,0.413:121,0.364:174,0.334:237,0.333:313,0.324:
859	50,0.524:258,0.480:286,0.476:181,0.458:300,0.441:100,0.432:1,0.421:121,0.376:127,0.370:174,0.351:
860	50,0.526:258,0.477:288,0.455:181,0.451:1,0.413:121,0.363:127,0.356:237,0.333:174,0.332:117,0.321:
861	50,0.523:258,0.481:288,0.458:181,0.458:300,0.440:100,0.433:1,0.422:121,0.381:127,0.371:174,0.354:
862	286,0.478:294,0.476:1,0.441:300,0.435:237,0.376:313,0.347:328,0.313:302,0.311:269,0.310:204,0.309:
863	50,0.527:181,0.440:100,0.410:1,0.397:121,0.342:127,0.334:174,0.310:237,0.310:117,0.300:7,0.283:
864	300,0.446:313,0.381:748,0.371:269,0.365:302,0.361:289,0.350:268,0.335:89,0.326:323,0.321:475,0.313:
865	50,0.526:286,0.475:181,0.462:288,0.461:300,0.440:127,0.365:174,0.351:237,0.347:313,0.334:748,0.312:
866	50,0.525:258,0.479:286,0.474:294,0.470:288,0.458:181,0.453:100,0.425:1,0.414:121,0.369:127,0.360:
867	288,0.455:100,0.432:121,0.370:127,0.362:237,0.336:313,0.318:405,0.282:302,0.275:269,0.272:151,0.264:
868	258,0.490:294,0.481:286,0.478:288,0.467:300,0.450:313,0.372:748,0.358:328,0.352:269,0.350:79,0.347:
869	258,0.478:286,0.473:300,0.437:1,0.415:121,0.369:174,0.336:313,0.324:117,0.323:7,0.310:748,0.299:
870	294,0.483:300,0.450:121,0.435:237,0.409:117,0.388:222,0.387:405,0.376:151,0.369:748,0.363:257,0.359:
871	294,0.471:288,0.454:100,0.424:1,0.410:117,0.313:7,0.301:748,0.290:222,0.287:405,0.275:98,0.272:
872	50,0.524:286,0.473:181,0.451:100,0.421:127,0.354:174,0.330:7,0.305:222,0.294:56,0.290:98,0.277:
873	50,0.525:288,0.454:181,0.448:100,0.421:1,0.408:121,0.360:127,0.351:174,0.329:237,0.327:117,0.314:
874	50,0.525:258,0.479:294,0.471:288,0.457:181,0.452:300,0.437:1,0.411:121,0.365:174,0.335:237,0.334:
875	100,0.430:1,0.416:121,0.373:127,0.364:237,0.338:313,0.321:117,0.320:7,0.313:222,0.299:748,0.297:
876	50,0.523:258,0.480:181,0.456:300,0.440:100,0.431:1,0.418:121,0.372:127,0.364:237,0.342:313,0.331:
877	50,0.528:294,0.473:181,0.458:100,0.432:1,0.420:121,0.375:127,0.366:174,0.350:313,0.331:117,0.329:
878	294,0.478:288,0.459:300,0.440:1,0.433:121,0.395:117,0.346:313,0.342:7,0.340:56,0.330:222,0.327:
879	258,0.477:286,0.473:288,0.453:100,0.423:174,0.329:313,0.319:7,0.303:748,0.292:56,0.287:405,0.277:
880	286,0.476:313,0.396:9,0.368:289,0.364:15,0.361:275,0.359:333,0.356:216,0.350:183,0.344:89,0.342:
881	258,0.492:288,0.468:300,0.443:237,0.400:313,0.364:210,0.344:328,0.343:269,0.341:302,0.340:173,0.335:
882	286,0.476:100,0.445:300,0.437:127,0.388:313,0.334:328,0.300:269,0.299:302,0.298:257,0.288:9,0.279:
883	258,0.489:294,0.486:181,0.479:288,0.470:300,0.447:121,0.421:117,0.377:328,0.342:118,0.321:111,0.316:
884	50,0.526:286,0.477:294,0.472:181,0.457:288,0.457:1,0.419:121,0.376:174,0.348:237,0.344:313,0.333:
885	258,0.483:286,0.477:294,0.476:288,0.462:121,0.394:127,0.382:313,0.341:222,0.329:748,0.319:98,0.319:
886	258,0.492:294,0.485:286,0.480:300,0.453:121,0.448:313,0.392:151,0.383:210,0.379:269,0.374:748,0.374:
887	286,0.475:300,0.443:174,0.384:237,0.370:117,0.353:313,0.344:748,0.330:328,0.314:269,0.312:302,0.312:
888	50,0.525:258,0.480:294,0.472:288,0.460:181,0.458:300,0.442:1,0.421:121,0.377:127,0.372:174,0.354:
889	286,0.483:288,0.477:222,0.404:313,0.388:748,0.375:328,0.373:289,0.360:111,0.353:176,0.353:118,0.352:
890	294,0.473:288,0.455:100,0.444:300,0.436:117,0.340:56,0.326:222,0.323:748,0.312:405,0.310:328,0.296:
891	258,0.478:294,0.470:288,0.456:300,0.438:1,0.414:174,0.335:7,0.311:748,0.300:222,0.297:56,0.296:
892	258,0.489:294,0.482:286,0.480:313,0.363:748,0.347:328,0.345:269,0.345:257,0.339:302,0.339:9,0.329:
893	181,0.458:300,0.437:100,0.431:127,0.362:174,0.344:313,0.325:7,0.315:222,0.302:748,0.301:98,0.288:
894	294,0.470:181,0.447:127,0.355:174,0.331:222,0.292:56,0.288:172,0.278:98,0.273:151,0.258:204,0.251:
895	258,0.479:286,0.474:288,0.458:300,0.438:121,0.369:127,0.358:174,0.338:237,0.335:313,0.326:7,0.310:
896	294,0.486:286,0.479:56,0.432:151,0.409:269,0.395:748,0.391:289,0.383:276,0.379:111,0.377:268,0.372:
897	258,0.491:286,0.480:100,0.462:300,0.442:237,0.393:7,0.370:313,0.354:748,0.340:328,0.334:269,0.331:
898	50,0.525:294,0.468:181,0.449:100,0.419:1,0.408:121,0.358:127,0.349:174,0.327:237,0.327:117,0.313:
899	294,0.481:286,0.477:288,0.463:100,0.453:300,0.440:127,0.403:7,0.360:56,0.350:313,0.348:405,0.331:
900	50,0.526:258,0.480:286,0.475:181,0.457:300,0.440:1,0.419:127,0.369:174,0.347:313,0.332:7,0.319:
901	258,0.484:286,0.478:288,0.461:100,0.446:300,0.443:127,0.388:313,0.346:7,0.346:98,0.321:328,0.312:
902	286,0.472:288,0.454:100,0.422:121,0.360:174,0.330:237,0.326:313,0.315:117,0.313:7,0.302:222,0.291:
903	258,0.483:286,0.477:294,0.476:300,0.441:174,0.381:237,0.368:117,0.353:313,0.345:222,0.340:748,0.329:
904	50,0.526:258,0.479:286,0.477:294,0.476:100,0.434:1,0.422:121,0.379:127,0.372:174,0.354:313,0.338:
905	50,0.525:286,0.472:288,0.455:181,0.449:1,0.408:121,0.358:127,0.348:174,0.324:222,0.287:56,0.282:
906	50,0.524:258,0.478:294,0.469:288,0.457:181,0.454:1,0.417:127,0.360:174,0.339:313,0.329:748,0.303:
907	300,0.436:127,0.363:174,0.344:7,0.317:222,0.302:56,0.299:302,0.281:269,0.281:328,0.280:257,0.266:
908	258,0.482:286,0.476:294,0.470:1,0.425:121,0.382:237,0.351:117,0.333:313,0.329:222,0.315:748,0.309:
909	50,0.525:258,0.479:288,0.456:181,0.454:100,0.429:1,0.416:121,0.373:127,0.364:174,0.345:237,0.342:
910	258,0.476:294,0.470:7,0.296:172,0.266:302,0.265:328,0.265:269,0.264:151,0.245:204,0.239:173,0.225:
911	50,0.533:258,0.487:286,0.478:181,0.476:294,0.476:288,0.463:100,0.451:300,0.442:1,0.440:121,0.408:
912	50,0.526:258,0.482:286,0.479:294,0.473:181,0.464:288,0.459:100,0.441:300,0.441:1,0.429:121,0.389:
913	286,0.474:294,0.470:300,0.434:121,0.381:313,0.325:748,0.302:405,0.296:328,0.285:257,0.271:118,0.253:
914	50,0.522:258,0.480:286,0.479:294,0.474:288,0.462:181,0.462:300,0.445:100,0.438:1,0.427:121,0.388:
915	50,0.524:294,0.468:181,0.449:100,0.420:1,0.407:121,0.360:127,0.351:174,0.330:237,0.327:117,0.316:
916	258,0.500:294,0.487:288,0.478:300,0.459:127,0.458:313,0.410:269,0.403:328,0.401:302,0.393:289,0.387:
917	258,0.479:286,0.474:294,0.470:288,0.456:181,0.455:300,0.438:127,0.360:174,0.340:313,0.328:117,0.325:
918	50,0.526:258,0.484:286,0.481:294,0.474:181,0.474:288,0.462:100,0.452:300,0.447:121,0.407:127,0.399:
919	121,0.360:127,0.348:56,0.283:405,0.272:269,0.267:172,0.266:210,0.232:173,0.226:79,0.225:96,0.200:
920	50,0.524:294,0.468:181,0.447:100,0.418:1,0.407:121,0.357:127,0.348:174,0.326:237,0.324:117,0.312:
921	258,0.481:286,0.475:300,0.436:100,0.436:127,0.372:117,0.330:7,0.326:56,0.310:748,0.306:98,0.299:
922	286,0.477:100,0.453:300,0.444:121,0.407:117,0.356:7,0.354:313,0.351:748,0.332:405,0.332:328,0.317:
923	258,0.478:286,0.474:300,0.437:127,0.358:313,0.323:7,0.310:748,0.301:56,0.296:98,0.284:172,0.281:
924	294,0.468:222,0.292:748,0.291:98,0.277:405,0.277:302,0.270:269,0.269:328,0.268:151,0.255:204,0.251:
925	50,0.522:258,0.479:286,0.474:294,0.472:181,0.457:300,0.441:100,0.431:1,0.421:121,0.376:127,0.371:
926	50,0.526:181,0.447:100,0.419:1,0.405:121,0.356:127,0.346:174,0.323:117,0.309:7,0.295:748,0.286:
927	50,0.529:258,0.482:286,0.477:181,0.472:100,0.445:127,0.388:117,0.352:313,0.348:748,0.330:98,0.327:
928	50,0.525:258,0.482:286,0.476:294,0.470:181,0.457:300,0.440:100,0.429:1,0.419:121,0.373:174,0.346:
929	258,0.483:286,0.474:294,0.473:181,0.465:288,0.457:300,0.439:121,0.384:237,0.351:117,0.336:313,0.334:
930	258,0.479:294,0.471:181,0.454:127,0.359:313,0.322:7,0.309:748,0.298:56,0.296:222,0.295:98,0.282:
931	294,0.470:288,0.453:1,0.405:174,0.320:117,0.310:7,0.293:748,0.288:222,0.281:56,0.276:405,0.267:
932	50,0.531:258,0.493:181,0.491:286,0.481:294,0.480:288,0.465:300,0.449:127,0.434:237,0.416:117,0.385:
933	258,0.491:294,0.483:286,0.477:288,0.462:300,0.443:237,0.402:313,0.367:748,0.353:328,0.344:269,0.342:
934	258,0.490:294,0.478:288,0.463:300,0.440:127,0.407:7,0.368:117,0.365:222,0.355:98,0.349:748,0.339:
935	50,0.526:258,0.478:294,0.471:288,0.455:174,0.334:7,0.309:748,0.299:222,0.297:56,0.294:98,0.281:
936	288,0.455:174,0.320:222,0.281:56,0.276:302,0.266:172,0.265:328,0.264:98,0.262:151,0.244:204,0.236:
937	288,0.455:181,0.449:1,0.409:121,0.359:127,0.350:174,0.327:313,0.317:117,0.316:7,0.302:748,0.292:
938	294,0.469:174,0.317:56,0.277:302,0.263:98,0.262:172,0.261:269,0.261:204,0.233:210,0.224:173,0.219:
939	50,0.526:286,0.475:294,0.473:288,0.459:181,0.457:300,0.442:100,0.429:1,0.419:174,0.346:313,0.334:
940	288,0.452:1,0.413:121,0.366:127,0.358:237,0.334:117,0.318:222,0.296:748,0.294:405,0.281:328,0.271:
941	50,0.525:286,0.472:288,0.455:100,0.426:121,0.368:127,0.358:174,0.339:237,0.335:313,0.325:748,0.299:
942	286,0.474:294,0.470:288,0.457:181,0.456:100,0.432:1,0.418:121,0.373:127,0.366:237,0.343:7,0.318:
943	258,0.490:294,0.481:286,0.478:288,0.465:1,0.457:300,0.446:7,0.384:222,0.373:313,0.371:748,0.354:
